weight_true,max_stress_true,max_disp_true,weight_mean,weight_std,max_stress_mean,max_stress_std,max_disp_mean,max_disp_std
6164.9004,48724.23,5.01167,6211.5137,144.9671,49084.047,3704.015,5.074914,0.27564812
6570.409,28762.686,3.2435002,6566.66,114.33551,30406.94,3797.3086,3.4031537,0.2357008
6561.477,15050.608,2.3883278,6591.9863,123.79425,14306.238,1273.6088,2.456243,0.09633463
6981.683,103276.055,11.753422,6922.9443,172.93694,97963.02,15251.014,11.756722,1.7889378
7256.8853,33920.26,3.2384322,7249.706,82.32238,22192.99,2453.213,2.9516091,0.1386958
4945.017,41397.07,5.552142,4979.8037,261.5243,39264.46,4256.764,5.2485366,0.3394539
6262.071,24214.459,3.2035496,6232.933,103.933556,25567.61,2079.917,3.2954638,0.16116549
8443.946,12517.706,2.0263977,8434.285,156.76465,12201.156,1056.586,2.1125162,0.09404956
9587.068,10910.054,1.900239,9498.749,317.64777,11184.45,1203.098,1.9627442,0.11342127
8357.904,21860.203,2.9913633,8356.07,132.84117,20308.623,1398.0615,2.8106894,0.11922402
9451.667,13346.064,1.8846092,9374.361,282.47757,13586.445,1287.7242,1.9364809,0.11681398
7139.5303,28130.799,3.569027,7140.248,85.11156,28757.65,2015.9731,3.6050456,0.14370123
5924.178,53302.383,5.84091,5971.11,145.34834,45131.26,6866.3267,5.755354,0.6404213
8034.8906,22546.365,2.8262272,8080.2295,107.03836,23192.17,1686.8236,2.8186405,0.13199687
4724.451,47387.656,4.8482647,4721.0195,245.19156,39777.17,6836.6367,4.713148,0.42543834
8228.115,14983.718,2.2403665,8263.14,129.5206,14898.858,1096.247,2.3309214,0.08640636
8240.231,27026.844,2.7607565,8245.383,125.07111,26815.143,1934.4894,2.9241645,0.09881493
7009.561,77417.23,7.435731,6973.0557,138.12042,66839.06,8467.536,7.1112576,0.72787964
8750.28,17805.215,2.3724174,8767.542,210.75714,16986.113,1211.007,2.4203496,0.093369275
7344.1094,34542.492,3.387111,7373.6343,103.79265,34109.49,1996.7916,3.5675428,0.12840824
8591.457,42741.94,3.4325643,8483.004,193.63043,39324.29,3937.3057,3.6006887,0.20826776
6133.835,10400.488,2.3639102,6248.826,119.965706,13778.81,1096.3972,2.5320938,0.11151587
6738.763,14975.246,3.0168958,6748.799,89.38688,15512.088,1352.3506,2.915402,0.12430144
7106.2876,33559.81,3.664153,7067.277,83.793045,31138.502,2733.8188,3.4362447,0.20783322
6876.9937,64187.465,5.616252,6812.469,116.12529,72308.01,8969.173,6.05653,0.49059546
6923.522,24443.072,3.2780075,6893.8267,97.71953,23418.426,1471.7643,3.222121,0.1181057
7472.636,35164.76,3.5796497,7553.036,85.349396,34486.22,1741.7179,3.6124377,0.12559016
5693.351,22440.13,2.8369966,5871.797,176.1465,21782.152,1795.4788,3.059528,0.1372296
6933.7017,52132.426,4.068822,7009.12,98.64113,41441.438,3331.608,3.8160346,0.1794195
8443.108,21114.875,2.7486773,8448.124,164.03174,22175.75,1227.5178,2.683211,0.1051495
6483.135,20732.164,3.6236687,6352.1035,100.697464,23394.926,1817.6241,3.6146863,0.16443244
7334.733,13482.442,2.5770013,7336.0938,79.52685,13127.884,1065.8461,2.4850676,0.07662942
5657.4287,27205.395,4.329537,5708.3413,154.40498,28031.096,3023.2158,4.0567994,0.20986088
6171.14,19288.354,2.9642594,6206.924,140.87344,19194.172,1601.825,2.9780056,0.110464826
7578.66,11702.573,2.3165598,7618.824,94.759834,11413.487,860.0522,2.1687412,0.090863876
6352.251,19430.266,2.660114,6381.3125,129.07349,18860.488,1358.5149,2.8420196,0.101924114
6909.821,16927.113,2.7044625,6881.287,125.43811,17840.71,1316.4757,2.7228165,0.12866788
6832.9883,59292.707,6.751726,6769.2974,135.571,49510.145,6941.7993,6.4706254,0.7339667
7694.7036,35915.703,4.4302244,7675.371,120.65227,35177.344,2579.1296,4.319432,0.21540552
6373.841,44828.09,4.233913,6395.1133,122.14115,45805.023,6628.676,4.481976,0.35723078
5712.1274,22979.48,3.4359941,5781.4004,161.21814,21519.5,1818.5565,3.4097838,0.15163425
8004.095,13592.646,2.2811806,8062.748,121.84671,12029.171,947.2447,2.166193,0.1018256
7613.2026,133312.81,10.934493,7461.2026,195.58038,135258.31,28385.037,11.42089,2.0608017
8154.0415,44790.36,4.0867443,8087.8643,117.779,44673.715,3620.306,4.153927,0.22745438
9085.116,26056.691,3.0351913,8918.673,204.3678,26164.152,1996.672,3.0470102,0.15490411
7927.3794,16931.3,2.6194832,8007.23,97.352806,18538.596,1470.3795,2.621894,0.09614349
8274.147,21743.547,2.5660346,8301.68,135.38153,21208.393,1384.6685,2.601217,0.09516335
8006.06,26380.758,2.668115,7953.2036,129.46887,28479.32,5166.721,2.9125903,0.26203957
8687.915,10393.492,2.2181594,8592.45,189.7634,11988.87,1091.0087,2.2208567,0.08867853
7894.049,18456.549,2.8296134,7886.333,118.856155,18697.48,1085.1034,2.7291927,0.10220079
8590.648,17020.2,2.4737258,8552.307,146.02498,15549.74,1014.03174,2.466436,0.093896545
8161.8906,15431.021,2.2468543,8182.9624,125.21844,16162.075,1039.4645,2.313955,0.10621761
8429.444,17140.605,2.4636304,8404.464,146.20595,17021.17,996.181,2.495472,0.08626286
9862.775,7659.967,1.5673035,9787.195,332.69727,8543.385,988.1079,1.610382,0.12199843
6964.6436,14824.024,2.6911602,6951.0938,88.88157,14364.231,1148.8505,2.7093146,0.08713818
7553.404,21679.299,3.1363683,7523.9624,100.39069,22740.775,1165.4352,2.966742,0.08555948
6708.3984,14054.759,2.405253,6731.86,125.57708,13275.856,1052.8252,2.4222622,0.09636035
9245.668,25833.678,3.0298994,9141.355,215.19337,25104.64,1730.5211,2.948395,0.14027394
5557.0073,45660.074,5.8864527,5595.848,178.19514,51267.0,5002.505,5.596365,0.37088463
6757.0884,75997.62,6.168955,6799.3833,130.15945,80607.766,10459.397,6.5262556,0.5876456
8933.894,38101.94,3.4419239,8828.912,230.71182,37717.67,3160.1323,3.4805655,0.21967758
6424.945,22868.723,3.3484974,6371.9067,116.0291,23477.127,3199.8782,3.340165,0.22176082
7306.464,14743.355,2.357031,7326.326,103.86121,15324.268,1039.0159,2.4212863,0.09719737
6649.596,84422.766,6.8176556,6710.676,116.818855,89923.9,14916.02,7.0780425,0.747169
8830.5205,12965.917,1.9923775,8830.053,191.75339,12126.856,1057.4344,2.0493243,0.102446094
6913.7383,15275.347,2.3776593,6882.0933,127.82206,14519.381,1308.1449,2.387796,0.10212688
7683.7607,22621.498,3.025999,7680.232,112.03392,19751.668,3454.6912,2.8254366,0.25439662
6846.4316,10652.136,2.2291799,6900.5015,109.52061,12748.5,983.85394,2.3006494,0.096711494
8040.2524,72248.16,7.671147,8115.065,180.39984,73119.85,10656.445,7.766217,1.0299464
6580.707,24561.178,2.7422416,6591.2227,121.972565,22794.35,1819.5465,2.8891244,0.11906104
7618.0273,18518.3,3.176765,7584.632,89.56209,20119.727,1244.5106,2.9673285,0.09911934
10641.6045,6052.5005,1.3468599,10618.207,491.89368,7428.2246,889.3112,1.3447676,0.1300118
7001.5854,40184.973,3.0172362,6969.527,115.35169,42189.34,8204.022,3.3535333,0.2722512
4709.0806,84362.766,8.249115,4742.7637,256.48395,85477.26,11368.618,8.173359,0.8526308
7013.3706,37601.777,3.6416385,7031.446,91.463066,39268.156,2227.542,3.9195898,0.1374198
6161.6816,29770.559,3.616836,6122.372,154.26567,28775.11,3888.9045,3.2878363,0.16681805
7940.869,58726.73,5.67005,7851.5425,137.87462,63541.13,9508.615,6.3055925,0.8201206
5882.88,22513.46,3.8969948,5924.102,150.70622,25618.467,1837.2904,3.887537,0.12892596
6782.429,41180.7,3.30834,6744.997,120.924324,35890.293,5929.7905,3.4234564,0.2567521
9518.444,11750.231,1.818734,9539.617,294.95212,10900.423,1083.9098,1.8370578,0.11433249
5654.2974,15482.218,2.9193096,5670.0474,160.82726,18576.441,1375.9537,3.1799042,0.14340924
10872.111,13587.526,1.919638,10841.85,500.04083,12787.879,1393.7134,1.9150468,0.13516076
7053.2896,15315.683,2.6821303,7080.0156,91.12621,15498.582,1121.5621,2.5963101,0.086896196
8064.1514,12968.739,2.2521281,8092.168,126.35074,13184.669,965.925,2.3371606,0.08888932
4775.809,19574.344,4.4089527,4746.9004,267.54578,23959.26,2196.6777,4.2263303,0.23485957
7664.1753,20515.992,2.9805052,7637.0273,86.88453,20009.51,1405.897,2.988704,0.096779376
6476.8364,25297.215,2.7413847,6490.2227,115.105515,30329.13,4261.2734,3.0811725,0.17782661
5191.5986,124505.85,10.200324,5192.701,214.06195,122763.7,21039.02,10.686738,1.3894198
6422.609,96690.49,7.9071455,6474.6577,136.24312,103292.09,19651.262,8.991962,1.2378572
8051.1826,46453.242,4.3354516,8029.987,117.889854,44004.29,3741.428,4.3842926,0.2693274
6442.867,26050.045,3.3948307,6430.375,112.18633,25050.508,1620.8804,3.4352221,0.11460604
5981.987,25090.268,3.1856833,6024.7705,152.34875,26901.695,3342.1238,3.4247735,0.27923727
7746.5664,6519.4053,1.7473181,7714.5776,142.68552,9631.672,906.47754,1.831028,0.10398647
8705.775,13201.866,1.9743816,8667.511,196.25595,12372.043,1056.406,2.0556083,0.09948881
9201.006,97197.09,10.019849,9421.924,356.23715,95789.65,16941.91,8.799635,1.3015027
4691.7314,98393.06,9.6905575,4729.695,262.12842,106005.8,14991.0625,11.115059,1.3718166
8407.709,14476.513,2.1274614,8447.88,143.26595,14187.624,1024.5118,2.0982122,0.105180845
7579.7075,16066.945,2.6686237,7571.0513,72.74545,17700.482,1436.8928,2.731418,0.10777114
6942.646,73205.65,5.904153,6988.187,142.7032,83508.5,12236.9795,6.0695086,0.5369327
5165.222,39596.85,3.9968503,5135.2876,242.6012,29254.518,3674.7126,3.8112063,0.22424532
5744.7563,26357.926,3.3744805,5780.74,134.97882,25787.357,1729.5922,3.4407966,0.14378156
5921.197,14785.133,3.0581884,5945.855,135.11392,19142.217,1803.8674,3.155968,0.14022616
7536.8506,7301.8687,1.6250465,7558.592,168.83394,9799.175,1003.8702,1.7473863,0.14359735
5284.0767,22721.355,4.308014,5295.0317,227.97844,23169.79,2286.9658,4.001991,0.26106063
6743.4214,24958.656,3.4983187,6710.085,105.05097,25305.15,1301.8181,3.5230927,0.11520716
7581.3257,19142.582,2.4813726,7574.67,92.18507,18650.635,1513.5387,2.5428762,0.087168515
8060.536,32615.934,3.7079053,8003.9727,125.5858,31503.506,2198.8794,3.6931207,0.16027808
9145.113,20369.484,3.05486,9053.022,237.66539,22567.588,1710.7899,3.0836194,0.15756905
9044.926,12439.444,2.0150597,8987.825,219.68417,12294.508,1223.5494,2.0311065,0.11279714
7788.654,14748.779,2.1204808,7854.6006,120.3961,15128.861,1185.7177,2.2307177,0.10030589
6891.806,22817.096,3.1986163,6861.715,80.28366,23276.092,1750.9786,3.102477,0.12654893
7107.819,17376.695,3.1777818,7108.94,86.96162,20024.336,1223.4282,3.120609,0.091794826
5796.7456,29784.295,5.021082,5810.5806,157.85556,41328.844,3021.975,5.2836614,0.267613
5153.578,42750.65,5.135318,5143.4663,210.18706,31143.777,4183.392,4.217124,0.3361552
8661.1875,54311.996,4.4078746,8714.546,208.45375,58761.16,9386.649,4.656681,0.50524735
6913.003,40701.016,4.466582,6875.0483,125.05627,41495.188,3764.029,4.72049,0.26534206
9526.627,14665.61,1.7639846,9498.59,286.09958,12942.209,1892.9574,1.8526992,0.1503997
6319.472,15715.835,2.975461,6342.8,130.0321,15125.869,1194.3666,2.829287,0.1261069
8897.772,39474.34,4.0799766,8794.602,217.11278,39335.72,3254.0881,3.7127554,0.1880887
5706.1035,28472.996,4.8628,5743.3906,156.97719,29558.732,1964.9161,4.5598593,0.26123875
7960.4937,22998.953,2.7895906,8035.538,134.0789,24048.67,1853.7654,2.8046246,0.1221025
7628.173,17602.506,2.5423722,7659.3887,80.55077,16920.043,1098.8585,2.603637,0.06670523
9945.322,27558.605,2.7372658,9872.63,379.25073,27398.277,2243.2434,2.7507718,0.18547168
7616.0747,10873.75,2.208159,7697.5024,109.46879,10927.45,918.9007,2.0393128,0.09366043
5307.3765,66786.84,5.924212,5352.297,181.95966,76132.77,11639.015,6.6504626,0.690865
9067.372,29457.12,3.1292233,9055.365,249.40218,27872.025,1974.6288,3.0157104,0.13736832
6610.5156,29369.686,3.1572394,6650.2227,97.366295,28689.777,2850.1035,3.2783294,0.1911635
7555.229,20346.205,2.90588,7581.386,85.01746,23063.588,1325.035,3.066659,0.10564322
6102.271,56817.16,5.0680995,6124.647,137.0795,51490.836,4856.0264,5.138006,0.3019063
7009.535,12024.59,2.3648624,6987.6333,97.99202,12990.517,962.2974,2.308512,0.09533597
8004.879,15673.029,2.34301,8100.0376,111.27035,15110.992,1422.6014,2.3726282,0.10343449
6403.578,34579.133,4.485135,6357.3755,105.918106,35142.168,2347.07,4.1605773,0.16021332
6342.6997,25168.38,3.4566407,6363.549,111.6067,21831.793,1362.9448,3.4394858,0.10173085
4987.9155,65091.5,6.953056,4934.852,210.98178,101136.91,34753.477,7.9489202,1.6692532
6464.542,57920.69,5.501033,6528.6816,122.97183,53733.406,8803.919,5.6562057,0.8036899
5572.32,15164.828,2.581897,5568.9756,210.59631,15840.841,1426.7819,2.7359958,0.14009763
6119.4443,62428.75,7.868994,6105.6123,157.16899,64385.87,5820.501,7.5238814,0.6573896
10323.333,13547.2,1.6690404,10207.446,423.63412,10517.951,1683.1937,1.5605094,0.16136378
6457.64,27526.283,3.865975,6493.438,104.44585,26625.654,2097.1165,3.7252407,0.15078333
6030.9136,17195.957,3.083643,6030.013,137.46777,18236.87,1374.2087,3.0981638,0.12800623
9148.946,12763.601,2.1483822,9133.055,249.59848,12669.415,1116.4268,2.049226,0.10635096
9061.256,30689.318,3.1341665,9016.966,230.12448,31007.59,2411.4531,3.2154305,0.18405771
7216.497,44149.887,4.194416,7271.463,87.46221,44587.773,3379.7063,4.2859826,0.20596586
7078.7544,16024.853,2.652273,7079.489,77.5211,15722.178,1182.9501,2.6314297,0.08480575
6974.5317,92612.84,8.074472,6983.893,109.18816,88439.18,15066.924,8.268233,1.0688106
9050.279,20363.277,2.8279963,8998.099,218.4369,19683.271,1552.8145,2.6809628,0.12823573
5647.01,70973.99,7.002955,5633.9824,158.54572,68125.6,6967.656,6.710905,0.48122978
7674.219,65474.4,6.7537394,7652.541,131.8824,62234.453,7088.416,6.4901676,0.5804838
5509.0103,14917.562,2.9430497,5575.161,184.02449,18112.043,1546.5078,3.1915042,0.15394852
8305.2295,24967.041,2.9291713,8326.39,122.49901,24378.873,1704.027,2.977917,0.12502684
8184.567,9982.637,1.8866022,8122.661,130.37047,10191.331,890.0858,1.9464638,0.10073989
6431.3247,157734.02,10.707394,6380.9243,167.81973,157908.2,34583.3,14.084896,2.5657694
5678.6694,40442.086,4.64735,5751.4927,152.05663,43539.6,3211.4287,5.030098,0.34487513
9922.703,11071.613,1.79122,9882.617,331.02423,11214.17,1142.6116,1.8281423,0.12976879
6297.75,37057.45,4.492309,6319.756,117.41642,37563.31,2903.9758,4.4108424,0.18049082
7733.527,46798.3,4.8192973,7738.7505,117.58843,49558.785,5594.4077,5.117301,0.45325524
5998.554,48795.19,5.52927,6049.325,134.29935,44604.453,5870.998,5.729789,0.66330737
6784.414,30811.477,4.4829626,6766.076,99.86699,30484.965,2475.6514,4.4227204,0.2412958
8288.206,8906.589,1.9150076,8288.125,168.45856,9665.598,911.2282,1.9032935,0.11199863
7894.3623,25110.705,3.8087592,7904.495,88.50601,30536.738,2049.4778,3.5674872,0.16564843
7122.533,30085.117,3.2589796,7053.583,104.91662,30214.0,5251.0234,3.2617621,0.30113342
6214.3203,18655.092,3.2147603,6326.29,132.15771,20235.834,2502.8137,3.0025995,0.18582743
7866.878,47039.83,4.3550262,7981.3164,112.091324,45468.535,3850.1177,4.17187,0.22204718
9366.004,26070.63,2.834392,9276.41,271.78494,25711.482,2024.6108,2.8635375,0.16442116
7821.589,28746.889,3.200018,7916.3833,109.46771,25890.56,2200.344,3.0205417,0.14531271
4724.1,92065.72,8.656062,4687.185,239.5554,76787.78,9086.972,7.8812075,0.8080361
6555.83,25347.889,2.9562297,6450.152,143.82184,29739.865,5160.0703,3.238967,0.25316164
5719.78,31788.3,4.559035,5762.7456,166.1532,29320.223,2628.5024,4.2165437,0.2806548
7836.767,24067.771,3.109537,7814.7676,98.187904,24052.44,1174.3956,3.096033,0.09121539
6358.666,35648.293,4.9151692,6389.5894,117.55318,33816.996,4505.257,4.6743407,0.4618028
9502.994,6742.205,1.4555495,9404.94,314.9093,8384.544,922.36224,1.5009718,0.13691795
7470.3525,8959.714,1.9106926,7498.0527,101.47403,10754.286,1003.0974,1.9996213,0.101630494
9227.597,19108.818,2.2112694,9145.025,261.7826,17846.04,1454.0287,2.259702,0.121952474
6390.7974,70794.484,6.2770677,6452.32,116.78336,49591.375,6009.931,5.3837643,0.4587304
6122.5137,26326.617,3.565864,6208.4067,112.104675,25017.645,1462.7512,3.558256,0.13706611
5698.8364,29800.38,4.173342,5761.832,186.58293,25678.285,3103.11,4.0606894,0.29873928
5688.9263,25017.22,3.5130255,5653.605,157.36732,24969.89,1963.8844,3.7131126,0.13911434
7894.4053,14149.383,2.2304966,7945.4463,106.50283,13574.19,1280.385,2.2780561,0.096915975
9399.016,12005.112,1.9217302,9302.553,298.44022,12111.66,1306.0907,1.930188,0.1354017
6856.173,14871.533,2.444556,6900.79,115.81796,13065.701,1024.1963,2.3171177,0.114392154
7866.3525,11108.794,2.1178722,7855.608,103.07208,12819.363,1192.1742,2.1723673,0.102998465
6238.871,29788.758,3.51278,6234.1245,120.14265,29784.695,2544.3662,3.4045172,0.17058931
7172.786,14254.25,2.2623055,7152.1177,110.715034,14401.532,1051.8492,2.3197417,0.0875133
8710.711,22544.43,2.309338,8674.036,189.02864,16653.375,2279.724,2.3217354,0.18688491
5842.6133,31834.766,4.202811,5951.9336,152.05676,31161.832,2027.8335,4.2654386,0.16080812
6100.5815,28593.271,3.5172706,6141.5557,122.90893,28512.375,2056.0842,3.6305468,0.14714886
7916.65,24403.736,3.0655289,7988.3325,109.62994,24677.682,2629.1772,3.0150497,0.1577153
5504.796,34910.406,4.7621446,5509.246,191.65671,37142.7,2831.1829,4.778548,0.22812046
6734.8813,10600.94,2.4300466,6692.5005,87.46045,13308.781,1093.7969,2.533618,0.10648391
7429.945,27861.617,3.0679295,7451.158,84.92898,27766.85,1764.4136,3.1855378,0.11548683
6596.1772,14859.894,2.7724142,6656.3037,95.20874,18937.412,1377.7788,2.8143606,0.101028286
7827.4893,41439.816,3.7524548,7818.6787,104.10687,40598.016,2948.0842,3.780075,0.1813999
8876.886,17528.715,1.9067924,8867.735,220.1178,14448.918,2131.1047,1.9713135,0.15376522
6565.0586,34542.23,4.325405,6491.489,99.396515,35655.176,1788.7451,4.3367715,0.16750546
8324.949,17005.604,2.4305727,8398.643,140.72934,19944.346,1423.1428,2.526171,0.09254715
8327.816,13224.476,2.6239827,8365.654,135.72316,14937.103,1034.805,2.5162597,0.08963058
9541.426,13553.293,2.1503725,9477.159,292.3104,13359.46,1151.9734,2.1526077,0.121561036
5031.063,108147.66,11.784437,5035.4497,208.35355,134888.66,22640.844,13.800806,2.0042977
6579.758,24633.252,3.3093302,6652.306,105.40995,23862.154,1602.9832,3.3168643,0.12233603
6642.8223,28082.55,4.0419827,6678.53,116.09442,29762.342,1771.9777,3.7922616,0.1567768
7236.8887,16140.461,2.8270493,7236.5327,84.94042,15764.591,1292.5387,2.6325312,0.08117668
5063.0684,132548.16,13.728535,5039.1577,204.88504,134519.1,21448.611,13.76097,1.8269637
6972.9927,24750.893,4.1925197,6961.4126,96.6208,24903.28,1745.5378,3.8234253,0.1423222
6059.598,15170.555,2.779207,6120.426,129.38553,17588.477,1342.2415,2.923958,0.13333221
7651.13,18914.766,2.5378172,7708.666,89.32261,19759.895,1520.9161,2.5761437,0.10365107
6840.9272,21783.508,3.044983,6838.412,98.91574,21004.217,1631.7941,2.9858334,0.122264296
8904.637,8634.826,1.7896101,8918.254,200.12326,9797.227,980.5793,1.821542,0.109297834
6015.5215,45884.73,4.4038415,6038.1724,144.05624,47864.53,4116.09,4.719318,0.2633867
8332.695,19776.418,2.6346111,8296.289,130.13295,18099.47,1476.6104,2.6974216,0.098047495
7344.1416,15199.383,2.491127,7399.777,92.33347,15439.121,1276.4574,2.4115732,0.097842
8756.446,10331.096,1.6025307,8709.022,196.29933,9889.506,796.58856,1.6919944,0.114517994
7937.0737,16605.844,2.611121,7926.0327,105.51995,17021.533,1267.5859,2.6577952,0.0889138
6892.967,75849.516,7.1420846,6877.8735,113.96888,75896.88,9800.762,7.1641364,0.7257765
8239.49,24344.367,2.7765968,8270.293,119.744865,24925.523,2021.204,2.8866758,0.12424733
6568.1567,215736.53,17.045511,6512.8174,150.41673,177562.86,39399.652,14.464592,2.5614011
7559.127,21971.062,2.5306184,7546.4575,92.34199,22176.234,1571.2827,2.688615,0.09478124
6630.2026,21451.754,3.298217,6665.71,97.67276,21876.62,2767.2954,3.292778,0.22293729
7558.9116,52501.836,4.6292877,7630.0454,131.9599,59068.72,7345.3516,4.9382,0.39673403
8466.208,12679.85,2.042413,8459.291,165.19513,11304.854,987.60474,2.0329113,0.09971104
7804.9995,10459.575,2.2231915,7788.953,100.54806,11424.901,894.9175,2.0968294,0.0969132
7427.8345,47567.2,4.0648875,7405.384,113.5619,52973.906,6207.061,4.4232097,0.2902348
9351.5205,36223.16,4.0595946,9274.402,284.4318,37289.707,4645.347,3.9855158,0.36159647
7346.7734,27683.707,3.320107,7347.108,91.79839,29215.324,1962.3976,3.3099608,0.1214588
5941.248,41980.285,5.046696,6009.6963,125.081184,44496.9,3349.534,5.3105617,0.3542993
5795.42,19812.744,3.4413698,5783.58,140.61313,24518.176,3726.133,3.564074,0.3172824
4455.578,78231.8,8.26278,4505.6855,283.37476,73068.914,7527.0464,8.110803,0.7492921
5744.9277,20090.459,3.9337804,5778.0605,153.6821,24218.89,3309.0688,3.9943314,0.30127025
8811.054,17105.547,2.4219573,8769.934,198.0435,16858.133,1301.2026,2.4528441,0.099406205
10014.949,12064.798,1.8567265,9991.464,407.0703,13656.979,1385.376,1.9167558,0.14668913
7146.119,27474.113,3.3445919,7213.3613,82.151405,26319.322,2071.1775,3.223594,0.115127034
9198.379,16520.285,2.2749622,9078.934,252.2086,17274.926,1922.4452,2.324605,0.14370584
5925.309,26684.586,3.6338458,6023.2314,135.15135,25339.377,2347.5847,3.489425,0.14445549
9661.407,16414.934,2.128718,9576.247,247.02547,15912.639,1233.8457,2.119814,0.10632351
5926.329,28068.121,4.7171564,5908.947,142.16963,30999.482,2355.809,4.630742,0.25350568
9648.027,25725.506,2.6772168,9479.858,319.56125,24678.006,1793.3722,2.6742187,0.1303132
6365.3735,126695.92,9.870032,6382.946,120.75956,125569.53,27184.09,9.892971,1.4223807
5255.1743,16676.877,3.163456,5218.0576,193.8685,18839.436,1571.4739,3.298707,0.15438764
5861.6035,75957.75,3.8453038,5987.2783,186.94678,30848.047,5091.428,3.1470916,0.19622833
6395.8164,54551.902,5.5217876,6405.8125,119.61261,54149.645,3824.4658,5.369633,0.25686026
6380.259,36176.547,3.1789277,6396.2705,138.71532,25208.123,3983.8008,3.1083114,0.19061409
7699.233,21100.03,2.8343375,7617.6455,96.0045,19475.807,1518.788,2.8033185,0.108261734
9176.985,12863.675,1.9275801,9129.068,236.5766,12913.798,1127.2167,1.9923928,0.11400809
8042.5435,30487.873,3.5548713,8017.2744,101.78873,29843.955,2341.4822,3.5885978,0.15609223
7060.293,26635.303,3.2630472,7090.0264,82.14116,26737.365,2526.7568,3.2611825,0.15395251
6264.546,17733.258,3.793874,6243.588,114.700645,19626.65,1237.362,3.386589,0.10619564
5816.4175,17488.1,3.4365547,5878.515,151.88968,18432.4,1435.3967,3.3626251,0.106411755
8142.412,13607.232,2.2626898,8115.7993,145.08136,14036.6,1563.142,2.2431583,0.14907277
7827.083,16557.377,2.5168571,7836.97,95.7857,16649.254,1258.1418,2.6030822,0.092895836
7308.5933,18831.443,2.5889013,7297.4155,87.874695,18126.115,1592.0586,2.5732293,0.09797545
6222.827,15459.037,2.8865576,6201.0845,129.91473,16799.248,1434.2627,2.7478936,0.11627408
5974.496,39982.125,4.172515,6046.998,151.53445,40835.18,3075.177,4.387775,0.25135493
8842.006,14158.023,1.9833562,8842.241,164.61621,17034.88,2391.1284,2.1692564,0.12723273
7131.334,11868.7295,2.2996132,7049.5923,104.67076,11994.13,970.57666,2.3338637,0.09036234
7662.4717,55424.844,4.821208,7708.011,106.81016,58937.125,6763.375,5.205145,0.39982218
8981.707,17874.533,2.270434,8872.948,217.11543,17030.508,1298.8167,2.3092687,0.11525041
6793.4634,87405.33,5.8882117,6821.8433,106.76188,75093.72,8886.972,5.9468203,0.46341577
6911.911,23587.812,3.3595328,6917.476,84.50684,24980.096,1395.3807,3.2917733,0.11629392
8486.995,25574.557,2.7316947,8494.065,155.75746,25930.762,1335.0602,2.8773365,0.1053245
7751.3164,15246.616,2.9169526,7760.5337,107.86104,15664.878,1202.8527,2.823111,0.086357035
6603.8843,48076.6,5.216132,6540.596,112.11839,47915.28,2970.094,5.118658,0.27048644
7262.5938,16379.363,2.4034934,7243.2124,102.131744,17175.15,1792.6056,2.595906,0.14430082
6946.0854,28379.463,3.423593,6881.143,75.96339,27430.525,1851.5667,3.470893,0.14626412
7942.6196,14163.006,2.469557,7961.832,114.390884,15153.602,1191.1282,2.4682558,0.081783086
6959.337,29495.9,4.2852054,6911.7104,73.38778,31502.508,1633.3633,4.3010135,0.17724854
6008.673,45513.832,4.619247,6018.607,171.42471,47386.8,3484.7473,4.8739104,0.261308
8217.746,35677.32,3.8701797,8190.0337,148.4888,32654.955,4556.255,3.5752294,0.34524927
8853.138,24956.545,2.6395948,8868.625,251.59479,27635.018,3861.1396,2.7982144,0.18828441
4769.3647,49547.285,4.7483625,4786.1865,256.41013,52828.34,8853.201,4.8666015,0.37370315
7574.731,44879.133,4.422193,7668.7686,119.232414,42734.57,3224.0525,4.252485,0.2096519
7220.9087,17325.883,2.7354946,7246.5933,85.53964,17166.262,1211.6757,2.7770953,0.081060916
7731.595,25611.15,3.1569576,7831.3623,93.30971,24666.6,1606.7666,3.219626,0.10735672
6149.7607,40979.855,4.946972,6169.9336,113.28932,33953.97,3246.166,4.6948137,0.36981747
8562.494,27286.805,3.0075295,8493.892,163.4083,27505.84,1939.5089,3.1071134,0.108474426
7942.068,185493.92,13.711264,7758.918,166.82066,234171.2,76066.68,15.410547,3.9444833
5066.402,49147.242,4.5820284,5083.1426,243.14598,45473.516,3398.9226,4.9053755,0.2694677
5636.5483,25675.86,4.446862,5656.5156,157.6055,27858.66,2508.3809,4.1964016,0.20976745
7178.81,34915.53,3.8348236,7219.201,103.94735,35865.387,2241.9805,3.9147062,0.17732815
7338.205,31540.98,3.4210181,7392.7715,91.16129,30381.682,1921.6516,3.365193,0.12965932
4766.8135,26756.453,4.4958186,4767.3325,230.31752,28891.383,2315.4487,4.141235,0.2566363
7327.981,15384.059,2.494253,7290.6606,81.134315,16659.691,1131.0802,2.5105326,0.09448417
7497.6255,10927.184,1.9306647,7479.877,120.07046,11411.905,932.09973,2.0222352,0.09754988
7779.9014,29181.512,3.5544417,7753.9536,87.842155,29667.752,1457.2356,3.611217,0.12713939
7893.1055,10039.966,2.2261794,7927.2217,116.0492,11059.043,917.8519,2.1919885,0.082936354
5580.365,152721.53,14.363365,5531.36,227.40804,178949.64,34963.08,17.366556,2.9230168
6415.5864,19335.334,3.0243351,6488.8574,102.791664,16467.436,1093.0073,2.827751,0.09751872
7099.099,33257.54,4.8478203,7103.426,109.696106,42538.37,4471.0073,5.3818793,0.40346202
6836.5747,11427.096,2.1364331,6871.3755,129.3601,11821.174,924.77844,2.1411943,0.100131474
8631.95,17015.24,2.223683,8622.723,164.20535,17709.566,1314.8691,2.331101,0.09314853
6529.9956,33331.47,3.3433652,6506.9624,94.07606,27377.465,5296.615,3.3457763,0.29082736
9122.881,15257.645,2.2232091,9055.922,223.76477,15014.407,1397.2083,2.2269838,0.12337762
6359.324,39789.625,5.574313,6427.86,135.26431,57372.734,8437.369,6.4588304,0.887838
8252.141,31080.424,3.1936202,8200.782,140.06506,30205.414,1753.9388,3.3015668,0.11006582
6402.5186,21779.129,3.5672698,6466.8867,91.2548,26739.967,2201.847,3.5716152,0.15433542
6947.4565,27642.398,3.0204313,6982.9727,92.15649,26158.596,1886.5111,3.0313783,0.13329403
9458.219,16957.27,2.0717833,9490.824,285.34195,16943.588,1418.0886,2.1545076,0.12646416
6789.6064,75003.51,5.481577,6856.109,114.74274,65486.16,5165.2646,5.735323,0.29942453
6650.155,11588.698,2.1999996,6638.425,128.39053,12878.0625,1139.0836,2.3769155,0.117420994
7366.098,34129.246,4.1836386,7368.504,121.430916,35681.902,2968.2864,4.61139,0.26000872
6764.723,54050.46,5.8931856,6718.1704,109.60673,54767.16,4283.1577,6.100193,0.41157266
5702.5376,18168.717,3.09582,5820.326,156.91896,19291.004,1487.5511,3.1255505,0.12259842
6620.821,46120.016,5.0314584,6575.8994,94.71755,46177.44,3238.6008,5.0740714,0.29993436
6946.858,46836.8,4.9614744,6928.1626,104.59629,45388.95,3038.151,4.8957314,0.2269973
8373.646,15955.887,1.9515811,8393.934,153.43141,17384.346,2627.407,2.0475373,0.14957209
8361.814,12391.669,1.9926896,8373.568,148.47913,12457.37,1089.0552,2.0914555,0.10009101
6233.327,23552.723,2.892929,6294.0454,116.39113,23482.547,1666.6641,3.0711205,0.09884654
5103.002,36526.3,4.3000712,5104.706,208.86327,40030.75,4384.8555,4.4906263,0.28922185
6840.3354,31529.02,4.393321,6801.3423,81.7777,34765.723,2515.3357,4.3042097,0.18904445
8119.085,17048.496,2.1902487,8132.46,126.4623,16992.027,1507.3538,2.338456,0.10930781
4772.28,22497.068,3.8918893,4721.1836,236.51613,24627.162,2922.8193,3.8967328,0.2722224
9792.986,11777.299,1.8644905,9744.448,366.9397,11942.278,1028.7794,1.8878393,0.12350156
7344.6323,14921.951,2.4200597,7361.627,85.44274,14421.091,1157.734,2.4191275,0.09249178
6816.736,14395.359,2.5550847,6756.713,93.1584,14197.017,1043.596,2.5017636,0.10151317
9585.203,31854.914,3.1545987,9460.822,288.0779,31663.365,2990.594,3.2633936,0.22859012
5019.828,164813.03,9.882388,5033.948,235.34343,92702.89,20069.86,6.4900746,0.7268166
7056.442,41020.367,4.4946938,7056.668,100.205215,38280.535,3835.885,4.568737,0.3093063
9112.904,9897.956,1.8097402,9063.522,235.4146,9561.815,966.2579,1.8314345,0.10923674
6580.378,22199.697,2.9174767,6547.537,109.86987,23181.016,1387.9607,2.9523273,0.12328976
8285.057,17117.0,2.1167266,8249.125,166.58267,15914.598,1882.2668,2.1557555,0.15919304
8572.14,8609.181,1.7332644,8532.254,173.03777,10635.751,1071.9183,1.8381025,0.11713931
9361.74,48546.3,4.505481,9257.598,308.561,47306.363,5567.6304,4.45604,0.37901223
7615.2104,28488.203,3.5189092,7518.96,98.67495,28773.46,1874.7607,3.4612668,0.13975912
8368.83,16107.509,2.169819,8377.081,139.24904,12813.679,1231.72,2.0553722,0.0976109
5708.839,50853.844,5.5814652,5785.128,158.78993,52370.344,10051.942,5.2332125,0.7752801
6049.4893,42236.3,4.59821,6084.4087,113.57038,40741.6,3171.124,4.6114583,0.27377498
8983.456,24983.895,2.699015,8953.592,249.83958,24588.46,2231.532,2.6884432,0.14671825
8706.858,8754.059,1.9446652,8664.744,211.72292,10266.338,882.4713,1.9712719,0.10488538
6406.9863,19394.69,3.2058933,6404.264,118.27486,22223.533,1275.1436,3.2584846,0.09440373
6310.861,14279.132,2.8011067,6348.7656,114.8093,15171.254,899.41486,2.7531087,0.089581236
7923.1416,17730.172,3.0537694,7946.8125,101.72758,18851.586,1480.4332,2.8793674,0.11202078
6330.547,21263.607,3.439335,6341.2104,116.01696,27736.16,2304.922,3.6405041,0.13937645
6727.6484,9841.567,2.1641927,6796.9487,109.91719,13401.272,1225.6838,2.2931309,0.10166269
4304.4688,147255.44,13.2372,4348.4336,261.00894,103745.54,18879.322,10.601555,1.3471617
8434.413,8434.629,1.9531583,8443.105,157.2513,10502.485,882.0742,2.044935,0.09319891
9070.167,21934.775,2.6279144,9077.153,196.28635,21671.945,1919.6447,2.6584072,0.15436868
6464.892,25694.572,3.5924566,6462.9746,97.41261,26369.404,1603.6617,3.552769,0.1331501
8493.793,22899.943,3.024459,8486.024,164.40202,21480.988,1387.1377,2.912215,0.12264976
8620.038,18130.277,2.2437584,8542.898,173.5148,18155.01,1589.4534,2.3122885,0.12351002
5959.572,26247.484,3.7241955,5997.1343,149.78383,30732.602,3462.4683,3.6591644,0.21706428
8790.264,11699.056,1.8381779,8813.924,201.22273,9899.356,775.7376,1.8345876,0.09975028
6722.7876,19594.068,3.1760676,6633.459,94.46392,22333.658,1473.6399,3.2708526,0.124526426
7045.345,38486.703,4.062503,6995.115,86.40937,39893.824,3204.1404,4.0604854,0.19569753
6359.2354,31677.957,3.6699488,6287.2886,104.491264,33430.477,2618.765,3.790906,0.14834619
7278.169,23366.79,2.7672386,7266.84,99.83709,21395.59,2081.693,2.6557157,0.1131325
5191.461,73315.555,7.6223984,5221.6323,221.40485,68066.35,7352.454,7.464793,0.670759
6107.9214,10809.317,2.2949154,6196.5527,137.96457,14538.43,1229.1069,2.5486884,0.12583132
7808.601,22502.928,3.301124,7800.3213,103.01204,24067.373,1174.9259,3.1948264,0.13305362
7596.6084,26513.094,3.450385,7615.7817,78.49112,25477.775,1508.5782,3.294055,0.12546547
6347.3003,23158.557,2.8970292,6339.5513,111.85875,21929.775,2413.2812,2.9671535,0.13735883
6926.1826,18920.404,2.4477797,6971.0576,100.62146,18888.312,1395.8657,2.6066582,0.10598791
5943.6885,51849.75,6.3059554,5949.695,134.56728,52279.766,3392.1738,6.204695,0.3845206
7106.6226,12300.09,2.3440523,7122.685,98.57711,12101.481,911.53674,2.2307644,0.08970213
6383.039,33016.727,3.787075,6335.114,109.62406,29941.008,2899.697,3.6580236,0.20417993
9287.298,8788.171,1.6386707,9196.766,315.1822,9270.242,1026.4716,1.710416,0.1341568
8046.601,11984.848,2.0060697,8096.828,155.18651,14571.072,1555.7372,2.068091,0.1239229
5766.724,115869.53,9.446391,5854.368,172.34102,117071.16,18468.479,10.143185,1.2072839
7830.969,11074.663,2.0828686,7886.339,100.82319,10788.35,780.4054,2.0808263,0.09182358
9296.367,8332.19,1.6145788,9243.332,259.40286,9061.097,930.3481,1.6881965,0.113507144
10155.341,6088.1475,1.4491183,10037.506,435.07187,7932.155,1081.0188,1.4657717,0.16035065
8206.81,15813.749,2.1111548,8184.6836,137.61784,14695.702,2087.4358,2.0944588,0.14668018
5875.2827,37050.05,4.271395,5932.0586,132.96056,34517.37,2226.9485,4.2750435,0.1630089
8927.743,14514.808,2.282906,8839.955,204.7381,14961.121,1146.8616,2.2973552,0.11030957
7147.9287,18580.074,2.6565962,7134.4556,89.02311,18904.13,1183.3191,2.6761248,0.088852234
5466.8096,28740.195,4.543557,5510.442,183.49635,29310.168,2352.9453,4.5133877,0.22532037
8192.3,17158.268,2.2747748,8154.7173,132.56169,15466.147,1797.0348,2.2488737,0.13015895
6346.3955,31782.861,4.3880124,6392.3037,105.70392,32805.984,2114.013,4.408526,0.18096367
8161.4663,9804.807,2.0550473,8187.435,105.94491,11020.452,832.63226,2.0979764,0.08495329
8550.704,11508.22,1.9699217,8553.887,184.52948,12226.727,1142.2853,2.0486145,0.11095123
9154.346,20323.086,2.3687277,9139.227,242.4443,19048.15,1331.7998,2.3533196,0.11923147
5962.745,52786.12,5.7300305,6005.911,139.66592,51792.42,4216.27,5.9575744,0.41677213
9105.434,11795.458,1.7658982,9060.448,260.6878,12190.085,1375.4104,1.8038855,0.12348899
6455.876,22290.225,3.188079,6418.8296,92.32544,21651.625,1364.9924,3.2502334,0.09978523
6921.1978,16344.333,2.6430209,6986.694,90.56635,16945.363,1106.3026,2.671584,0.07984448
7152.676,11291.549,2.2842915,7227.4824,92.07555,12203.906,1173.785,2.3033125,0.10116916
8532.402,19455.635,2.7062142,8443.822,141.27663,18780.121,1311.3177,2.6560912,0.08842994
6706.5977,19507.324,3.013873,6666.7773,102.74092,20964.14,1115.5382,3.1411645,0.08828061
7692.372,81289.75,6.284592,7689.748,130.41982,80270.21,13269.327,6.2256737,0.6853576
6168.0474,27102.658,3.5382187,6201.7764,109.11274,28601.365,1838.2141,3.694521,0.16311811
7894.4976,32093.219,3.2856824,7890.299,112.57963,30629.994,2081.6064,3.47245,0.12526439
4337.3374,41797.13,4.97506,4418.804,272.80408,38763.047,2989.672,5.0448356,0.30904797
6520.114,75956.06,6.413835,6597.181,114.98059,76175.92,9357.242,6.375705,0.5096419
10606.451,6536.4814,1.4505138,10612.456,471.38525,7479.1562,839.3698,1.4165741,0.1178746
6255.4194,85160.42,7.1431704,6255.987,135.85663,82125.36,11060.465,7.133127,0.6389011
8711.102,47438.867,3.1487062,8622.543,177.45076,29097.432,6379.4707,2.66104,0.25457352
7289.687,17015.508,2.846993,7194.26,118.88802,16860.84,1185.2018,2.778697,0.120154545
4889.821,51082.117,6.3694487,4945.6406,230.70915,49993.83,4158.1963,6.304757,0.46910408
6814.04,30123.13,4.198821,6750.7075,81.784004,28713.938,1997.353,4.055789,0.15875375
9266.569,9124.252,1.7497461,9229.218,271.57394,9145.753,912.87494,1.7286217,0.10512395
8238.323,23441.51,2.842541,8237.262,132.14407,22134.67,1557.6487,2.8391836,0.096834905
6898.2485,14214.339,2.458694,6882.966,97.02537,13277.612,1039.727,2.4344845,0.08881165
8162.2363,24844.03,2.7956734,8185.359,118.6996,24870.775,1380.5836,2.9062989,0.10554743
7671.4106,19132.008,2.7506235,7667.6074,87.70762,18079.908,1029.265,2.73436,0.08091103
7466.951,20906.967,2.9139605,7513.2,91.21976,22294.062,1460.1655,2.9757462,0.11903051
9322.901,53234.39,4.395604,9237.338,270.1209,52480.586,8132.2676,4.214555,0.4065893
7603.508,18647.268,3.0945868,7721.1914,121.33354,17620.506,1287.5203,3.0123117,0.11102309
8106.2676,17609.719,2.9918265,8101.939,112.0074,18493.773,1269.6718,2.8299081,0.12361508
7572.4355,17470.72,2.7889247,7608.0083,79.93545,20848.7,1217.4879,2.8064237,0.100053795
7897.9536,25550.56,2.9574378,7892.685,100.6368,24950.97,1635.1069,3.0535412,0.10313733
5857.259,153967.02,12.061971,5892.8535,198.6094,136797.64,22785.557,11.363647,1.484334
8268.772,17554.021,2.4060543,8333.532,134.40175,16400.246,1150.2306,2.4261072,0.09569142
8345.387,40702.293,4.2104344,8379.334,131.88911,41868.83,4931.1333,4.4371867,0.37686762
7143.2764,33915.805,4.4235735,7121.228,98.53523,36108.305,2558.2356,4.152805,0.2268271
5549.1377,25927.35,4.8618345,5558.38,156.9196,30578.637,2503.5134,4.71827,0.25351197
7451.528,24897.225,3.1909657,7469.424,92.64815,25586.4,1760.1013,3.3061512,0.12515779
8212.601,16140.877,2.3524575,8262.852,101.41464,15632.988,1101.5895,2.4415936,0.09269778
7749.198,32301.402,4.06985,7732.775,104.112946,36446.33,3315.9363,4.1943455,0.27896407
9281.528,9919.104,1.8439391,9164.674,244.83511,10246.579,1044.0121,1.8651564,0.113291375
7836.5645,22349.781,3.1081393,7842.9746,109.08692,24751.66,2070.1462,3.2504437,0.1729662
6350.71,14791.941,2.643103,6372.306,112.488716,14404.716,1095.3578,2.579277,0.10280028
8371.387,11560.905,2.0055075,8377.235,154.0378,11705.983,1126.8573,2.0646167,0.09983179
9294.929,18460.244,2.7003472,9257.114,257.7852,21334.76,1331.7163,2.7136014,0.121344134
9192.162,22915.406,2.5959327,9161.155,258.19846,22489.922,1669.9664,2.6012988,0.14272101
6989.954,16077.955,2.8921444,6927.4233,99.80451,15979.409,1201.7528,2.820152,0.08717745
7083.4395,12719.471,2.1077611,7064.335,128.74898,12240.795,874.5464,2.200969,0.09497402
7940.9204,10126.78,1.9293139,7905.544,125.259254,10058.104,907.0583,1.9055868,0.10415123
6130.455,52753.395,5.846087,6077.015,118.45892,39053.906,5801.224,5.1304717,0.58715695
9278.482,9558.773,1.8815466,9194.322,267.08655,9880.642,1022.1076,1.8543711,0.10639934
4477.912,39445.664,4.9174633,4472.892,266.56058,49514.23,11269.263,5.4748006,0.6538529
7148.528,20124.959,3.0771177,7176.8506,99.52189,24861.426,1408.278,3.1271517,0.11460393
7004.5327,17210.445,2.8319335,6951.252,109.87561,16401.244,1288.2075,2.5299094,0.10574448
7145.8115,17180.637,2.754211,7134.6313,100.54442,20461.293,1465.7976,2.8062656,0.08618646
5923.7905,37467.574,5.0847015,5923.159,141.44237,31282.516,2782.599,4.731862,0.27872214
9240.367,43220.727,4.120256,9191.14,275.62256,40697.55,4187.9795,3.9000378,0.28912652
9277.928,18245.682,2.3805926,9211.362,264.89325,18942.174,1454.9506,2.3846905,0.13797827
7897.224,19576.004,2.5988355,7935.886,106.02843,20176.3,2467.4932,2.567321,0.15058435
8359.241,14540.272,2.1805372,8420.034,126.25946,13795.881,1479.792,2.2278364,0.09801548
8328.184,37285.28,3.5313222,8305.163,144.51775,37566.37,2662.3164,3.5966144,0.16631825
8317.303,25351.861,3.117817,8339.172,138.95322,25149.23,1638.14,3.1007812,0.11076537
7725.9053,43418.066,4.0845933,7686.998,86.015274,41751.35,3320.679,4.0524793,0.21871106
6652.882,12359.228,2.505729,6641.956,121.67775,15096.039,1268.3936,2.6527522,0.09552679
8172.919,23274.984,2.8931324,8159.2275,126.502144,22785.46,1678.8932,2.8660667,0.12591195
7503.417,24982.578,3.5084481,7407.1562,101.715935,26415.65,1700.4132,3.530641,0.14733332
6897.8184,22953.715,3.2313209,6902.6875,85.485855,27165.5,2024.8159,3.438288,0.14119421
7867.7646,42280.074,3.511423,7903.2827,103.10219,42401.844,3291.4963,3.7363412,0.17314135
5178.681,30000.902,4.316101,5146.589,212.31418,30486.555,2594.7156,4.46072,0.21036178
6428.123,24359.92,3.2347047,6423.897,96.824265,23060.36,1427.7599,3.2980306,0.1102569
4689.085,119101.08,13.361813,4779.576,255.42317,112693.42,17278.182,12.552494,1.8341103
7115.4893,28040.98,2.5354304,7185.8906,105.71995,22290.91,5062.7295,2.6782942,0.2608358
8131.5903,11330.707,2.120548,8135.825,143.16858,10862.594,1037.073,2.0481944,0.12483562
6734.26,35065.547,4.2943006,6786.246,93.76007,31574.727,2816.916,3.910844,0.20227271
7605.7725,60273.344,5.5739746,7617.62,118.016556,58934.477,6313.4756,5.5530176,0.39463204
8526.896,18693.395,2.6066601,8485.448,174.04007,18478.46,1212.9458,2.5724401,0.10992745
7042.28,24346.518,2.9991117,7046.095,73.93848,22897.77,1388.4672,2.9161487,0.09646498
9238.395,8772.03,1.6412935,9192.397,267.8803,9377.937,951.102,1.6791446,0.11698116
8614.953,14264.607,2.0776677,8593.371,180.12642,11432.671,932.7944,2.0255785,0.11145332
9607.947,14001.34,2.3828819,9408.472,334.1919,18213.217,1544.515,2.4227164,0.16306105
5995.6987,54812.63,4.6801434,6092.619,146.28087,50116.26,4185.711,5.054678,0.28558233
6607.4033,17211.205,2.991878,6650.2285,110.85887,21582.955,1427.5608,2.8706622,0.10693148
6569.9414,60963.715,6.2083178,6567.483,104.2124,58528.4,5036.4775,6.178969,0.41892025
7158.176,14012.193,2.5488515,7090.8677,117.83063,14182.972,1097.2002,2.4729145,0.09450525
6831.351,19106.152,2.9365394,6844.297,106.17389,21732.14,1738.706,2.7794836,0.13041084
8778.39,53789.9,5.9804664,8892.534,236.09341,53189.86,6064.4546,5.6679583,0.55753046
6183.284,79190.6,9.318601,6110.484,158.67746,114929.31,24670.584,11.021388,1.7740263
8803.195,9151.214,1.8232133,8805.313,161.69923,9952.565,953.1266,1.8460755,0.087709114
8470.849,35818.5,3.6364577,8435.937,158.84433,33593.69,3004.832,3.5845962,0.21082729
7148.685,80063.07,7.0227423,7149.2637,119.60875,78932.17,9651.85,7.0478497,0.7620304
5006.526,19108.396,3.3875067,4965.91,248.6952,20122.857,1714.9246,3.5571573,0.15215828
6472.732,16219.071,3.0781581,6436.0337,126.46856,18128.441,1616.4752,2.8113446,0.12628628
7643.761,19191.57,2.8091683,7589.6055,84.13123,18956.242,1354.9177,2.8139417,0.108700775
9252.752,8842.484,1.7569025,9185.716,260.88867,8916.798,848.51935,1.6864297,0.13747673
8656.651,17219.41,2.3909402,8651.724,159.42683,16793.115,1036.2416,2.4162607,0.08701809
5181.1353,133899.31,11.943733,5217.152,209.98993,119379.53,17289.787,11.465846,1.5759561
8488.996,25180.508,2.813022,8472.902,156.49452,25400.902,1661.5107,2.8577378,0.1322347
5038.7773,39271.543,5.031408,5083.2534,238.50754,40967.21,3617.2156,5.115917,0.36357078
5585.4014,18769.27,3.0368888,5604.817,181.19669,20352.107,1540.1641,3.1867664,0.14691488
9151.814,36671.273,3.8773615,9081.389,277.31497,35887.15,3590.935,3.8847067,0.28141272
9920.275,15004.528,2.320846,9837.811,326.85593,15197.191,1479.7676,2.2064283,0.14781302
7009.9224,35481.04,3.1587157,7083.109,100.32988,35432.973,6676.881,3.4439034,0.3010947
8475.208,12151.359,2.2319994,8433.369,157.70738,11602.062,876.4531,2.171189,0.08215731
8391.862,19366.969,2.4911418,8428.512,148.07588,19286.7,1345.3625,2.499894,0.09856951
8134.5635,9843.556,1.7655387,8180.884,140.90639,9643.563,1042.5118,1.8082821,0.120072454
8241.326,31022.521,3.0330222,8248.102,133.27983,31521.482,2293.1062,3.1784039,0.13786379
7949.774,9776.134,1.8705078,7966.208,126.83071,10289.225,1009.64795,1.8870815,0.108302794
5621.714,35333.598,4.9084883,5699.32,155.76372,35598.27,2915.643,4.7463274,0.29474604
8014.091,19445.26,3.0454059,7912.0015,135.57181,19847.037,1943.4626,2.717736,0.14423314
8079.614,26720.828,3.1765573,8067.727,100.265625,27638.938,2363.897,3.1404114,0.1277631
4608.936,112918.44,8.490229,4604.6177,257.45312,104108.92,14703.535,9.157927,0.916264
9681.549,30343.162,3.356748,9560.7295,308.13715,28654.602,2413.057,3.3227994,0.2927171
6422.456,192971.23,10.233716,6501.0444,126.82358,87764.89,14315.135,7.3752937,0.80201435
7135.922,22461.64,2.8079045,7139.835,100.685036,22661.57,1523.2046,2.932856,0.11871538
7341.5073,93129.805,10.147882,7325.7417,159.56934,96578.38,12952.956,9.792392,1.2348915
7025.742,25811.406,3.1659985,7028.6133,106.20634,25959.895,1771.0917,3.1478286,0.15767135
7350.3496,23761.686,2.9396505,7367.636,75.13423,24535.7,1325.7076,3.0727506,0.09559734
7547.4043,19100.172,2.985347,7617.842,87.641975,18826.467,1430.6547,3.0107543,0.103242904
8432.194,28914.209,2.8882296,8414.394,146.18665,26982.967,1718.4374,2.898779,0.12207007
8535.398,12121.318,1.9901059,8576.685,141.89314,11585.326,917.79083,2.0378308,0.083212554
9831.513,7113.872,1.5610892,9838.076,349.70456,8283.465,1008.8964,1.5402267,0.1346185
6641.52,92164.95,8.910703,6598.5386,159.72336,96175.55,13503.366,9.704437,1.2433931
8735.555,37542.934,3.3526363,8653.634,156.95862,36270.54,3756.4868,3.3806171,0.18783967
7700.0127,22690.725,3.0194378,7698.2573,89.1746,26364.217,1381.4943,3.0692399,0.10492242
6782.9507,16931.479,2.5056963,6765.504,103.316154,14626.621,1077.7572,2.5277858,0.08559331
8876.624,13286.8955,2.0316076,8851.412,201.89386,15374.602,1227.317,2.1455104,0.10681397
6932.446,105355.51,8.805343,6951.878,121.56466,108507.64,19451.72,9.226927,1.3474524
5509.4453,129577.71,15.144605,5512.1704,230.5427,136278.16,21214.408,13.7517185,1.9229578
9356.39,21051.986,2.6331139,9334.509,276.98178,21504.268,1597.7976,2.610031,0.14231993
5932.2554,39909.44,4.578802,5944.83,139.89975,38448.973,4025.226,4.5271287,0.27283594
5790.8687,62564.03,5.5244756,5909.576,140.0828,48269.734,3520.4233,5.363432,0.31277463
8366.105,20196.27,2.6797934,8407.009,157.68787,20405.445,2226.3066,2.568475,0.15096791
11039.315,33417.05,3.006882,11049.296,541.64716,34276.254,4731.274,3.1385934,0.32127672
9320.492,24084.096,2.6960893,9218.827,240.71162,24558.21,2076.0186,2.8033483,0.14230677
5883.599,62013.938,4.617131,5864.355,170.449,52000.203,7539.8394,4.405893,0.32424313
6368.5474,35555.188,4.158903,6358.5576,108.70729,42199.934,3580.51,4.7025003,0.3149215
7404.7583,10219.101,1.9240154,7316.3833,110.8255,11131.022,941.628,2.0690835,0.08935227
5594.021,36948.195,4.2197585,5581.4287,160.08618,38482.133,4713.3223,4.7115917,0.30312833
6566.9253,21794.217,3.4002376,6476.2075,82.521866,21303.756,1812.6111,3.372214,0.121249475
8648.962,7233.331,1.7016966,8634.91,201.77046,9107.222,946.78864,1.7706217,0.12033959
9137.816,10702.675,1.797336,9136.253,239.42879,9625.641,921.5326,1.7838353,0.115076594
6561.193,32322.291,3.873811,6583.426,86.44352,27882.285,2439.3823,3.7444348,0.20988688
6406.6167,53828.23,5.032219,6434.505,96.72819,51004.04,4475.9556,5.232959,0.3041925
6381.4863,13435.422,2.3378296,6420.543,137.71057,13963.836,1077.3906,2.4762895,0.10968379
8052.66,15054.866,2.2677393,8037.719,127.77082,14701.237,1277.2568,2.2288733,0.11209007
8841.458,12158.343,2.150451,8796.326,204.11479,12615.457,1032.3677,2.1348553,0.09878197
5710.7866,60964.7,8.188667,5659.683,171.25153,62293.29,7561.489,7.3424664,0.6520029
7236.8384,34006.984,4.0058556,7300.6357,91.3174,33417.11,3327.518,4.189051,0.2877396
7855.756,13560.154,2.217951,7875.7095,93.03664,12754.025,1044.3481,2.274265,0.084282294
7074.896,9246.633,2.0164895,7051.236,126.15059,11257.143,857.62366,2.1068566,0.09963441
7140.3115,26980.08,3.2285066,7170.728,96.671486,26159.97,1595.8843,3.0866635,0.113303
6520.718,43662.684,4.6160965,6501.1533,89.2237,45990.203,5585.926,5.086647,0.4534311
9937.537,7118.395,1.549545,9900.391,357.21515,7932.0,847.62994,1.5185089,0.12702888
7698.899,81300.586,5.5443654,7669.686,122.578186,60354.26,7608.383,4.895613,0.3725425
8846.969,49183.562,4.353234,8806.414,181.52815,49429.04,4909.654,4.270528,0.29797295
6722.8345,83757.73,7.1628675,6777.306,121.913795,82999.88,12136.588,7.626958,0.863446
6812.066,20477.463,3.1346076,6822.038,106.99732,20146.352,1338.6027,2.968793,0.115003236
6920.594,34472.938,3.1130762,6956.8823,109.72539,30204.037,4289.8574,2.964797,0.19011442
5650.9805,36888.934,5.8786993,5688.774,170.07094,43784.73,3264.985,5.623609,0.3490667
7880.5327,8971.35,1.8354468,7846.1206,133.31285,10483.2,865.01,1.9073699,0.09602022
6923.7393,45386.613,4.636566,6916.87,108.577515,44712.855,3837.2065,4.653065,0.24774352
6299.3022,18566.771,3.032811,6325.4336,102.46616,17877.992,1602.233,3.0765173,0.109736465
7389.8633,41367.652,4.454892,7399.3296,116.15517,41062.516,4916.6177,4.6129303,0.48014247
6999.713,59405.188,6.9866376,7063.5376,138.2847,63462.906,5770.612,6.8331294,0.48408362
8244.167,12053.68,2.077794,8294.623,138.77116,11766.188,903.49817,2.0790813,0.088579066
7196.277,23779.998,3.0992208,7196.035,106.18603,23653.18,1399.4635,3.1645126,0.10749116
9444.244,18552.768,2.2661407,9397.9795,293.6463,17941.852,1470.189,2.2325523,0.12064095
5852.7554,74426.484,6.4052825,5899.8086,150.17575,74008.71,8576.056,6.7364845,0.537013
4395.974,17920.623,3.6899893,4469.1143,293.27698,20870.51,2616.7698,3.828683,0.2810864
8150.321,28302.414,2.972054,8158.417,135.39883,27580.078,1993.256,2.9841027,0.12167773
8888.521,16764.479,2.3539324,8840.491,185.24232,17239.562,1083.3518,2.4020138,0.11271473
7115.8125,18985.674,2.4867709,7146.6714,102.73566,19435.742,1620.9406,2.646924,0.11482846
7705.6587,32430.678,3.4245014,7678.0796,88.53876,34219.76,2089.9634,3.5774326,0.13867697
7413.6035,58040.805,5.6087246,7528.5776,137.66786,52212.184,5636.751,5.2408085,0.43516594
9187.373,68067.55,4.741725,9100.82,236.7093,60755.65,8627.186,4.6717114,0.41629192
7219.2476,31184.533,3.3444567,7245.6562,115.223045,30929.547,3683.7063,3.4988472,0.27511498
6009.9062,23126.594,3.4050593,6106.957,127.7351,23215.62,1711.8094,3.472158,0.12843016
6090.6104,17315.836,3.1183915,6085.3535,113.10156,17571.59,1183.677,3.2049897,0.09529645
7964.0566,28707.31,3.7501101,7958.118,134.56087,31903.98,1640.0743,3.7181845,0.17858787
9588.051,17310.453,2.1052942,9611.376,341.20743,16390.084,1815.6699,2.104695,0.1572983
8849.63,23707.066,2.9863486,8816.419,240.47389,28027.617,2263.6006,2.948601,0.17228375
7818.2764,13892.055,2.6668048,7815.397,94.98922,14806.294,945.38696,2.5601285,0.07560496
6835.5527,20838.998,3.0583565,6827.406,90.10424,21791.412,1861.3301,3.0417218,0.1245554
5623.864,17124.807,3.1548977,5658.4707,149.19199,19940.945,1851.8094,3.068067,0.14769188
8358.583,9858.404,1.6628556,8293.462,204.9573,9728.31,1010.8162,1.706578,0.121633075
8216.573,23186.328,3.0799422,8203.85,129.26868,23501.572,1270.0685,3.0215435,0.08634681
5067.077,53344.19,7.1626053,5120.274,230.84541,58286.234,6519.0854,6.8546576,0.64717376
8185.9976,18823.162,3.0077534,8106.1235,127.92057,22162.66,2245.5916,3.104782,0.22119424
4562.36,75290.484,6.2216735,4558.921,295.36102,68323.29,6998.423,6.875898,0.5304185
9227.015,15015.44,2.0287075,9157.071,241.88847,15182.423,1414.9661,2.1227994,0.11119308
6520.86,18644.768,3.0801601,6512.3906,101.0047,17929.781,1540.2556,3.1044314,0.109872125
6183.179,78947.914,5.798806,6207.384,107.83115,44191.273,8453.776,4.6462154,0.49010307
7209.136,36216.457,4.905083,7132.051,124.2282,50738.59,4570.8,5.3625855,0.35265455
8092.342,37066.07,3.883882,8065.1035,126.81267,34849.883,2753.045,3.7640185,0.20377156
7710.9985,9188.451,2.2274284,7706.1025,110.938934,12983.088,1095.38,2.4088213,0.13526107
6885.522,26141.596,4.1893897,6818.753,102.94262,27986.537,1399.3339,4.0005107,0.14020988
8102.627,102696.266,8.671247,8047.0293,174.22894,100166.08,17959.8,8.822364,1.2162068
4052.405,68965.125,7.9220805,4172.358,304.58142,64090.02,6944.4473,7.377387,0.6672407
7872.5474,390588.75,29.08963,7891.7627,194.58669,278015.47,81143.73,17.759441,4.473121
9154.766,7495.888,1.5766311,9123.407,259.711,9040.086,884.1168,1.673283,0.11109225
6691.8574,17685.602,3.1299994,6684.523,115.577034,20168.332,1566.218,3.1052206,0.15068898
9230.962,20880.521,2.2635636,9236.311,255.61751,21672.477,1907.829,2.4316902,0.1420567
10038.305,10158.033,1.7083765,10023.465,388.09946,9165.979,913.5539,1.6508093,0.12697251
7064.6455,12187.552,2.4326293,7113.496,103.77686,12722.919,937.4488,2.3491266,0.08115201
7870.089,31621.389,4.304996,7896.0156,130.07669,38421.01,3546.872,4.664379,0.2954916
5795.4688,62216.383,4.5522065,5689.7837,164.35547,52795.664,13810.703,4.580322,0.5697713
9290.997,13272.115,1.9623739,9261.856,284.5716,13962.157,1432.9199,2.012355,0.12723875
8119.376,56951.74,5.327701,8095.4517,146.32224,52323.984,5709.929,5.220878,0.40366894
8842.823,14626.445,2.2142086,8788.015,195.36954,15748.405,1104.5333,2.3357878,0.11952555
8054.8843,12110.908,1.9405366,7990.734,148.81804,10478.204,1032.8209,1.8934278,0.10033263
7470.4814,32552.322,3.4385946,7488.852,83.75782,32392.863,2091.978,3.4955456,0.15513583
6482.284,30190.068,3.971502,6454.696,102.86882,31924.963,3672.6145,3.838294,0.22418459
6892.881,13280.694,2.5222821,6870.9033,90.620476,14226.334,1237.8638,2.543727,0.09036542
7494.219,18944.14,2.5810812,7518.8867,86.46904,18857.959,1223.8287,2.677914,0.0793516
5131.9404,24514.01,4.170921,5107.28,220.95303,33293.49,4331.945,5.0794907,0.4026816
8067.337,12363.299,2.1182375,8115.8105,102.65385,12561.64,1123.1102,2.16523,0.08819396
6609.309,61075.812,5.2703648,6637.0557,112.78806,56845.98,5094.549,5.3345795,0.2852984
7652.977,40615.258,3.9938543,7616.6187,97.152,38557.484,2798.8958,3.9243345,0.20998608
6733.053,59275.23,5.4618697,6663.101,91.52929,52551.5,4556.871,5.448283,0.3032144
8297.997,11316.241,1.8357505,8205.627,159.78653,10185.872,914.0096,1.8663576,0.10502666
7810.6396,14818.238,2.3960388,7848.1206,80.3271,14514.249,1105.21,2.4339654,0.09519923
4823.4585,33225.53,4.243419,4778.0957,226.73174,31484.197,3015.012,4.3208113,0.24104239
5104.9014,46652.434,3.8005729,5069.252,205.75342,39995.543,9034.854,4.0388446,0.38621074
10836.759,8572.17,1.5034419,10865.685,538.43506,8057.437,1045.3729,1.4820678,0.13770835
6519.785,26298.229,3.8164463,6461.368,105.74137,25351.062,1730.2444,3.8037848,0.14070801
4685.0415,22629.65,4.3361106,4693.4204,233.637,26070.787,2369.2742,3.9862337,0.21524744
3892.6174,81499.34,8.451286,4015.6118,289.8032,81940.81,10300.6045,8.675109,0.9685761
6896.8687,36270.195,4.552549,6853.8486,81.57245,36810.625,2555.7844,4.4342246,0.21869297
8263.637,11951.569,2.19073,8289.655,146.25232,12335.388,1013.55664,2.130526,0.106866404
6877.9707,21631.447,2.6339726,6929.69,128.38113,35184.215,5143.0356,3.0928369,0.21034758
10212.927,12671.7,2.081356,10077.967,445.6775,13520.072,1372.1182,2.128258,0.14804193
6199.2734,43040.562,3.9617686,6303.8735,126.02985,37083.438,2482.498,3.9246213,0.1336609
6662.9424,83179.32,6.212873,6677.739,132.63907,96823.57,16811.713,7.0237803,0.7798314
7398.914,20526.135,3.3346214,7346.272,89.91875,21875.162,1321.9662,3.238375,0.10751662
7372.968,13719.936,2.262646,7412.96,96.32754,14016.832,1226.9241,2.3850913,0.08352371
6727.6514,53156.56,5.3561044,6738.3745,110.87855,48686.96,4012.827,4.9499526,0.2585268
7715.3228,39798.586,3.7658236,7654.982,104.88247,39829.45,2581.9426,4.0905437,0.14829291
5561.915,48962.555,5.4532037,5605.859,166.1008,49459.79,4546.543,5.150875,0.3122336
4478.322,227663.11,24.849876,4532.4434,255.1265,234846.4,49746.754,23.103754,4.584045
7188.962,84887.73,6.665629,7264.3184,112.55038,84462.72,13467.773,6.604791,0.70606285
5243.419,22972.502,3.2002056,5236.6055,214.2594,20653.805,1729.0574,3.231225,0.15522769
7072.8564,25334.885,3.2962227,7093.2476,109.07051,33487.6,5097.8384,3.8140943,0.29685032
6467.1514,61210.71,6.146138,6460.537,121.26733,59774.875,5207.799,5.877795,0.45946667
8496.141,23144.348,2.4583082,8438.139,160.80931,23724.848,1526.4385,2.6358426,0.12158856
6805.646,54084.168,5.3327374,6770.42,97.726524,53209.65,5235.2617,5.005691,0.31491438
5542.9883,39446.375,4.896736,5553.362,184.60504,35646.03,2821.6582,4.432064,0.26523685
9984.1,10479.439,1.6499773,9890.323,372.6884,10233.713,1291.5449,1.684974,0.13147078
8691.146,14434.439,2.1361578,8720.925,170.12404,14103.956,989.15265,2.23568,0.09255053
8244.677,14394.625,2.3126287,8239.207,123.31603,15934.88,1125.2372,2.2429638,0.10503169
6722.27,17405.162,2.5042467,6657.919,105.00864,18817.96,1208.7458,2.7373421,0.08667233
6558.102,44752.613,3.9820735,6575.024,92.48895,33958.223,4441.534,3.6326697,0.19663683
8497.075,10122.916,2.0959857,8479.521,175.32278,10709.715,918.6309,2.0545335,0.08985229
6188.862,35784.176,4.2106323,6295.96,124.40215,38940.453,2846.5342,4.0983043,0.20813397
8510.808,13263.307,2.3156707,8492.6455,175.63013,14292.51,1180.8306,2.3970144,0.095983595
7435.974,15267.605,2.7087579,7499.965,84.42315,13749.495,1063.2322,2.5404425,0.08568514
6858.4272,12712.711,2.1773558,6842.9546,136.92242,14349.995,1395.9161,2.2576592,0.1364815
6792.6963,76366.445,7.7409124,6719.31,126.58494,84430.68,11637.752,8.450013,0.7853213
8337.715,17779.81,2.2934716,8355.311,130.75777,16913.02,1045.8741,2.3253095,0.08636964
7285.559,46517.93,3.1279716,7314.826,117.70721,41765.64,9064.188,3.3166013,0.33924353
6674.819,33216.242,3.939952,6632.2236,111.13635,35790.816,2192.5515,4.1541233,0.21480209
6575.991,37469.312,3.9025042,6547.672,78.601494,37473.863,2497.2195,4.116655,0.14427437
8059.7676,78651.305,6.137142,8100.7314,158.45941,91905.26,16071.663,6.616618,0.7429897
7026.653,34069.562,3.3362765,7120.6035,134.58472,33299.984,3219.2131,3.491215,0.18710984
8982.429,27406.994,3.2849317,8867.283,209.49037,27120.043,1716.3231,3.124669,0.15185
9445.03,33069.754,3.4602528,9329.972,307.52054,33800.76,3103.3738,3.5820513,0.22231759
7685.0015,93762.76,7.58917,7740.9224,133.09674,98958.23,15669.7705,7.801202,0.87855184
7431.809,26753.672,3.2521465,7356.4,92.25733,30427.38,2791.9504,3.3452828,0.18003468
9156.034,19568.52,2.2807853,9136.6,238.64044,18473.746,1542.5454,2.3341858,0.1323946
8069.351,20473.248,2.3359587,8105.1255,111.83507,22739.893,3340.949,2.6239479,0.18092997
9272.977,8698.799,1.8525746,9290.044,242.20192,9374.477,902.22815,1.7603551,0.120598346
7279.6973,60239.19,6.1411343,7333.537,131.94794,57886.63,7099.493,5.8038435,0.5485472
6277.6245,27880.531,3.602238,6345.8066,90.97435,31671.842,3043.371,3.6134415,0.13599233
5245.641,30211.145,3.6349328,5253.8843,249.16824,30099.02,2721.2642,3.7341115,0.1913302
6771.8447,60481.43,6.5702415,6848.8994,121.45841,56178.69,5055.306,6.0732403,0.40120685
8059.525,14720.192,2.2245598,8119.0386,123.110146,14023.52,1229.0225,2.283187,0.10787905
4901.4023,32734.938,4.0242467,5055.9604,267.32483,37826.96,6538.1865,4.0326953,0.3596575
8008.053,18759.293,2.6790857,8015.5264,111.86288,20079.77,1134.2773,2.792966,0.10090901
6098.628,175862.97,16.905909,6141.252,150.33855,187522.4,42042.92,16.997015,3.1924534
5868.5176,58565.84,4.828029,5983.4,150.06053,53470.55,4700.4106,5.124657,0.29639402
6754.777,17659.63,2.8706052,6776.5107,96.4428,20467.828,1997.9614,2.728583,0.12365102
6093.312,146555.89,10.231577,6147.4644,144.67151,142628.02,30702.547,9.513183,1.3003055
6871.7144,65857.04,5.3869834,6931.027,114.85497,67446.03,7318.096,5.341934,0.39541292
6212.047,24305.393,3.06807,6254.3086,140.38965,17554.29,1456.6986,2.7714667,0.1267985
6645.8926,13580.797,2.3952947,6638.6924,132.96461,13621.975,1200.6305,2.456693,0.106996424
7486.825,173264.34,10.407684,7425.241,149.86162,108126.66,20485.477,9.408493,1.3210444
6153.6113,28155.959,3.2199259,6209.926,115.1014,17042.887,1398.3793,2.9830503,0.107792065
6403.491,14306.037,2.786953,6394.3354,121.60209,15867.294,1240.4907,2.843023,0.08778423
9054.061,8945.21,1.9463671,8930.665,218.22076,10164.938,954.18756,1.9294727,0.10761247
6687.134,14975.201,2.6940992,6653.243,113.090096,18192.992,1786.975,2.9492354,0.13667741
7757.7285,18944.463,2.69691,7743.643,76.76104,19617.932,1203.0353,2.780731,0.09125513
7600.986,48781.395,4.363628,7623.645,92.94682,47511.81,3649.979,4.3124447,0.22631039
7594.1914,27655.412,3.5478926,7631.0894,70.6775,26898.037,1752.9277,3.5913994,0.13834146
3709.0715,147885.78,14.168326,3820.6482,293.9534,156399.69,28185.92,14.833936,2.069523
7193.0103,50751.367,4.7947664,7179.9785,93.57622,51333.855,3958.6252,4.9336376,0.26955616
7200.597,50047.96,4.5851645,7218.1123,96.567665,44683.3,3872.8503,4.546383,0.24009523
8069.703,19396.432,2.4071546,8153.427,114.119736,19556.846,1261.6896,2.450273,0.10839655
5876.762,19505.008,3.1558888,5837.145,136.91661,20838.2,1454.9325,3.3565729,0.10848461
7577.624,16151.669,2.5169203,7600.919,80.21836,15211.66,1018.63666,2.525118,0.08541363
5695.0464,17364.535,3.3062768,5727.1816,168.23994,19603.734,1660.3401,3.4586456,0.14462662
7032.7485,19517.264,2.673738,7008.5356,89.15148,19385.172,1576.3469,2.6687493,0.0932581
8493.259,37215.105,4.5063276,8437.402,188.96393,39354.094,3110.6287,4.4083257,0.25831854
7098.823,18680.828,3.0438828,7081.2773,74.35942,19982.217,1535.3716,3.0545022,0.12140733
5047.8203,19306.64,3.0976608,5073.0117,240.99078,20334.867,1939.5459,3.1095145,0.17318074
8355.361,15485.93,2.332174,8437.263,145.52454,14765.263,1254.473,2.2942634,0.10249815
8017.235,25925.494,2.857804,7993.8354,120.99962,26162.258,1676.292,3.0273364,0.10402715
8403.827,13161.019,2.3422105,8366.409,132.74495,14984.151,1060.909,2.4379342,0.093860134
10198.039,22184.281,2.4279597,10069.004,400.29074,21770.186,2205.8682,2.4214752,0.17357223
9206.878,6642.8555,1.6733093,9176.688,247.9837,8815.283,897.51764,1.694492,0.11768603
4596.8105,44123.82,6.9565988,4598.245,246.5737,72973.73,12450.117,7.6436505,1.0188355
5964.8257,103155.7,5.661999,5968.551,185.65552,66069.84,16449.904,4.2417903,0.51446027
8345.527,31077.607,3.1197398,8306.638,136.77664,28559.676,1754.0419,3.133703,0.11587044
5646.6025,36667.406,5.0221906,5694.0005,146.109,33497.637,3805.4902,4.778498,0.46527436
8456.1045,33644.94,3.2530503,8387.976,155.27644,33414.76,2343.4146,3.453976,0.1417521
8764.152,9621.798,1.873516,8718.241,206.62434,10512.161,871.6808,1.924966,0.10222913
5741.8545,30413.727,3.7394972,5763.4404,154.16463,30025.6,2325.6477,3.8740134,0.18206504
6021.5586,70821.55,6.610297,6032.125,139.85933,80329.89,11266.201,7.1976433,0.7279184
5616.5024,32960.91,4.077011,5645.52,170.53278,31731.725,2106.5896,3.947395,0.16636018
7686.7725,17893.895,2.6698196,7670.232,114.017654,17275.668,1192.0995,2.676346,0.098011725
5040.076,89939.4,8.992897,5020.1167,226.8037,83212.76,9709.83,8.635858,0.8266548
9028.409,9531.278,1.907837,8955.789,225.71742,10051.691,852.3311,1.9362003,0.10331215
9433.916,6783.809,1.5662528,9456.657,288.56744,8335.483,884.7661,1.6204197,0.121888325
8860.066,28448.15,2.9407413,8732.644,217.41165,28356.445,1934.3904,2.976976,0.15031563
6716.883,24161.027,3.398075,6565.982,103.220795,23437.262,1886.5427,3.3575678,0.11684583
6282.886,32290.764,3.4740598,6292.9424,120.6672,28709.09,3040.827,3.276381,0.14277388
9034.027,7862.6997,1.6675769,9011.236,242.57338,9274.733,916.52734,1.7632489,0.11441199
7869.8267,40171.316,4.136443,7824.09,132.2094,38530.508,2887.8599,4.0036836,0.20125352
5965.2188,18183.014,2.9867024,6063.8413,137.72993,32392.918,6549.243,3.522719,0.32029417
7319.6953,18956.354,2.722005,7437.967,84.81216,19608.484,1374.4462,2.671015,0.088460386
5828.278,27330.65,3.8553307,5833.24,155.559,27756.324,1832.5485,3.6608672,0.13064097
6886.514,15697.569,2.5750914,6961.6064,96.43548,15019.454,1088.0671,2.5125217,0.08002732
7204.8115,124097.24,9.418532,7071.7163,133.94722,104455.59,18003.55,9.312335,1.1788993
6466.1216,108168.61,11.237958,6371.26,165.84888,136716.12,30450.43,13.001696,2.2922182
7782.8203,11280.047,2.3099046,7824.687,100.92042,11558.48,797.5743,2.2189038,0.077647194
8216.417,15138.395,2.0853744,8237.746,124.36191,13747.985,975.84894,2.1004176,0.09639813
8498.668,35562.41,3.386502,8468.475,176.82973,34696.43,1985.5586,3.421353,0.14513591
8440.182,52169.844,4.611852,8425.996,163.55702,48355.797,5370.588,4.489066,0.32326347
7804.9062,26510.979,3.1963043,7779.4873,89.34419,29126.91,4021.2556,3.1514678,0.19967876
8370.795,14256.224,2.3896573,8436.624,126.33083,15536.299,965.79254,2.4592392,0.09541736
6621.924,24375.754,3.5508623,6665.413,111.97961,24380.164,1711.8282,3.262186,0.11880272
5974.9956,166606.55,13.605843,6028.4443,163.02702,146509.53,28782.236,12.436898,1.9888464
7728.6733,48032.727,3.1891024,7794.139,90.578995,36654.066,8481.427,3.4031708,0.3428511
9435.242,10119.141,1.7257488,9363.497,307.10214,9702.864,1127.2319,1.7579271,0.13487758
6742.1064,36274.594,4.239569,6692.35,95.10792,37840.246,2296.254,4.1861677,0.181664
10946.438,8033.553,1.5348599,10874.782,563.18616,7827.643,944.46747,1.466144,0.149479
8546.004,8196.907,1.6995908,8545.637,181.21434,9139.971,827.40533,1.7275921,0.11387019
7061.032,43489.105,3.907046,7055.608,97.04117,40649.35,3020.4277,4.0404344,0.16632703
6744.4497,25884.191,3.0206835,6807.609,100.86738,27593.418,1979.1552,3.2047045,0.14263555
7674.255,15594.443,2.3621073,7699.311,87.52283,15069.956,1189.8938,2.3406765,0.09293428
7944.171,16915.207,2.036228,7973.618,113.08489,16419.754,2596.5125,2.208283,0.15284292
8376.239,14335.539,2.1777449,8422.442,143.015,14346.225,1102.0641,2.280094,0.091778845
5299.4106,35297.06,5.0722623,5355.5024,235.22014,44021.51,4572.4316,5.472867,0.50604385
8743.667,17144.51,2.563235,8711.128,192.82896,17800.975,1552.0211,2.637633,0.12279697
5823.972,91468.64,5.582767,5851.436,159.51514,49960.453,11058.419,4.1610003,0.40872228
6681.5024,31892.338,3.383427,6732.931,108.805466,32779.727,1990.2535,3.6171777,0.11319829
8839.147,8014.9478,1.6126212,8853.652,217.45435,9220.062,909.922,1.7108314,0.11449973
7474.599,38756.484,3.9549637,7432.875,100.33192,38473.85,2426.1208,4.0528574,0.17655304
7412.317,14740.574,2.323627,7382.628,88.27335,13858.807,1214.4856,2.3422425,0.10294645
8405.743,18248.885,2.6307728,8351.094,130.94698,17868.111,1296.7448,2.5856469,0.09889706
6665.4243,13318.612,2.4713612,6636.73,123.719986,14125.202,1085.1433,2.471929,0.0968233
5520.875,53129.703,5.0220256,5540.5454,172.3023,53835.887,4590.425,5.3459888,0.32854208
8592.21,27046.918,3.1051395,8597.788,170.21292,28191.355,2523.2124,3.3426373,0.16343638
8250.082,10930.927,1.9234471,8272.023,145.29466,10551.135,932.43176,1.9754125,0.097058214
6478.642,68163.52,6.233193,6490.744,125.233864,66396.445,6768.5083,6.2547197,0.46777347
7588.4663,32159.127,3.4631758,7581.795,109.151566,33982.285,1999.6096,3.6610541,0.1440899
9442.208,18218.992,2.263935,9356.603,274.45752,17586.787,1620.7712,2.2948425,0.12086081
8288.364,9062.228,1.8611456,8276.1,143.12363,9927.579,864.2551,1.9047471,0.10222332
7896.042,8610.646,2.0618308,7918.4717,99.73064,11164.155,1161.0089,2.1328194,0.08921105
7212.3486,93992.21,6.692004,7161.839,116.22167,85576.66,12544.786,6.7933464,0.63642746
7767.7266,39611.723,4.5097775,7715.885,115.83268,40152.11,3614.676,4.4759717,0.26516053
5866.0337,19346.867,3.350224,5878.264,146.97176,21971.936,1956.0894,3.484432,0.13906063
7103.5005,13202.15,2.4272127,7117.601,101.19946,13459.47,1147.2524,2.4116619,0.09671828
6408.3193,22269.213,2.9141304,6403.635,105.059975,19154.877,1713.5846,2.8191156,0.0999047
5973.17,72193.336,5.286181,6004.6626,149.19078,52881.17,12146.911,4.5597568,0.53758323
8036.273,32263.715,3.438656,8000.3745,112.43205,33043.08,2644.8003,3.58617,0.17332603
6842.5327,37663.465,4.803142,6818.6514,112.868706,37642.664,6535.4126,4.890965,0.6741693
7390.3887,24537.77,3.113546,7346.3013,96.26165,22158.992,3232.8525,3.0781667,0.23609723
7583.726,49109.793,4.1871347,7716.4224,117.32432,48028.12,4241.254,4.468955,0.29122683
7957.4326,25324.498,2.689414,7959.1636,117.46631,24339.332,1784.6117,2.7783706,0.099412024
7247.3755,34014.75,3.192484,7255.181,93.55019,26833.328,3639.2969,3.0749633,0.17929466
4699.999,118336.16,11.235064,4728.102,283.9043,100031.03,17513.05,10.082024,1.5169184
8170.598,12744.887,2.1155262,8197.746,131.14519,13781.324,1014.3773,2.2391543,0.09643932
6241.803,39781.176,4.106934,6249.6494,137.08559,35833.8,4338.135,4.20647,0.40670252
6750.7993,66753.836,5.7228746,6762.721,116.446884,58854.59,5689.5947,5.557779,0.35833102
5533.5386,21099.252,3.8820157,5507.1123,178.26888,24323.588,1794.0483,3.8324957,0.16595191
7854.6714,27855.988,2.9838164,7836.589,114.7412,24937.258,2670.512,2.8349447,0.20062944
7529.9287,29809.408,3.8862298,7468.7744,99.8959,33448.76,2843.0261,3.9681826,0.22369395
6882.5293,36570.71,4.01567,6875.84,89.14625,33961.434,2806.3313,3.8620086,0.20965213
7037.219,11765.86,2.1358287,7076.0464,125.413826,11280.509,1158.7037,2.0634356,0.12147264
8243.848,10228.573,1.9708127,8258.987,126.401024,10031.794,875.12964,1.9952601,0.09714887
8318.732,10025.761,2.0273938,8323.07,141.74765,10890.722,919.0555,2.0985837,0.09090688
7757.994,12413.632,2.1320543,7730.2964,106.01431,12811.759,1240.4797,2.1554482,0.11764977
5671.0874,22158.43,4.0512795,5735.154,177.78409,25085.55,2414.9395,4.0416036,0.20084621
7774.708,32884.562,3.4648144,7748.359,107.94152,35209.863,3028.853,3.6133056,0.17286657
8808.907,10029.3125,1.657759,8779.965,225.50546,9351.419,954.94727,1.6860404,0.13258407
7714.547,23851.975,3.2288537,7731.8657,89.231544,22482.465,1533.1233,3.0129468,0.12671743
6672.7373,12745.505,2.6459355,6655.804,107.24002,14053.949,1048.9415,2.608117,0.09140524
6167.746,13422.2,2.4077897,6196.7876,139.93924,16626.87,1783.3807,2.6207802,0.12728852
8510.439,32317.412,3.2487285,8454.648,167.07599,31830.082,2764.0742,3.2815006,0.15422907
9461.202,8117.7803,1.6498811,9387.64,292.8107,8619.342,885.32666,1.6505176,0.123449646
9969.352,6932.477,1.4539511,9880.912,319.1248,7986.4434,779.4971,1.4779412,0.11564864
8177.666,22741.975,2.6793685,8209.578,119.7848,22436.375,1956.3135,2.766361,0.1369498
6236.6445,15241.679,2.5131485,6246.393,123.534134,15216.238,1193.324,2.5785706,0.11462965
9664.103,10805.557,1.877118,9552.398,310.7754,11415.713,1206.3132,1.9020224,0.12149156
8663.758,68973.62,5.9466434,8613.634,190.13982,62179.895,8117.9033,5.717268,0.50638986
8356.695,22805.867,2.6031663,8347.074,137.35446,18383.533,2490.9058,2.5991251,0.18466824
8286.59,13713.212,2.2252,8313.902,114.401215,13110.104,1080.7592,2.2479055,0.07564672
10762.631,11585.701,1.783509,10672.796,509.3266,11750.68,1359.683,1.8302246,0.14867906
7001.1655,19337.547,3.6177511,7042.0786,87.353806,26753.92,1952.9994,3.911913,0.14579155
8058.379,12724.822,2.4372883,8145.3486,141.60806,13471.338,768.92426,2.3004968,0.080693245
9213.909,18422.459,2.4119754,9145.712,266.37976,18556.39,1339.5278,2.406658,0.12170082
6893.3853,14129.433,2.2389057,6973.8213,108.35039,13796.273,1124.854,2.2418296,0.10116239
8859.491,15476.38,1.9779307,8836.955,212.46144,15891.231,2343.8262,2.1020124,0.1317158
5334.3584,82146.414,7.1487117,5346.679,194.45134,79668.84,9461.085,7.2829804,0.5700155
7629.184,16533.219,2.6957235,7661.6445,103.023766,18353.008,1195.8175,2.705214,0.11675102
8820.512,11645.223,2.210765,8788.066,197.91339,12750.454,1055.3246,2.1826923,0.09952035
6539.4985,61904.938,7.149588,6464.6245,110.30699,68003.85,7148.008,7.65484,0.8153032
7367.8335,90020.1,9.176052,7403.585,189.16866,83187.87,12789.136,9.284691,1.2794609
7880.999,82400.04,9.38389,8023.5117,191.85132,79765.38,11467.0205,8.469601,1.135636
10132.281,7409.4316,1.5078355,10129.654,432.1632,8534.599,916.784,1.5603456,0.13422275
8853.006,10755.379,1.932183,8825.562,204.89967,12671.935,1138.9263,1.9777596,0.112266175
8904.794,7437.777,1.6328927,8881.985,217.69339,9208.1,909.64825,1.7280242,0.114597306
5773.766,109274.44,11.526801,5749.737,159.3527,93204.31,13197.151,10.821417,1.4264469
4466.2505,26588.09,4.22666,4462.205,233.74312,42482.23,4911.5337,4.5883512,0.31300572
8193.377,39871.68,3.9720657,8144.169,133.12709,39654.184,3363.9924,4.056427,0.2083529
9345.192,17762.668,2.2416444,9288.362,252.95958,16635.45,1463.4626,2.28267,0.11731536
7161.4253,18163.973,2.598693,7149.2275,104.98301,19163.625,1176.1144,2.6778247,0.09388334
4834.291,25370.742,4.037944,4818.998,214.16682,24844.322,2094.3013,4.014235,0.21178035
6025.7905,22568.72,3.118685,6038.14,120.70741,22251.05,1846.4429,3.4099588,0.14691262
9475.587,12232.917,1.8903615,9430.515,283.7848,12374.589,1176.9093,1.9928184,0.1179218
7664.5825,38523.406,5.2294073,7771.107,136.47537,45935.574,4840.128,5.4538293,0.40270483
7925.5557,22067.213,2.591169,7917.868,110.29328,21274.29,1666.6737,2.6534219,0.10813397
5896.569,64483.145,6.111219,5900.283,148.54865,62379.95,6177.0757,6.3194976,0.48981866
6590.073,20406.178,3.2307088,6578.295,90.152725,20954.053,1428.8455,3.2050622,0.11019408
9838.089,7338.596,1.6101658,9725.57,324.39026,8550.49,977.5671,1.6346848,0.121587776
8981.9795,22860.936,2.429372,8941.246,212.62125,23384.01,1974.5222,2.5508714,0.15529615
7355.036,15902.382,2.3519745,7378.017,101.28331,14897.49,1157.0612,2.4371455,0.089721926
5828.8237,22328.232,3.844444,5887.723,136.26762,25368.586,1496.92,3.740088,0.1565374
6618.002,36693.246,4.5973325,6564.3013,105.90861,35961.164,3908.7993,4.5565667,0.4032185
7445.7773,33042.26,4.0593314,7435.0312,90.80107,32679.945,1803.7545,3.9139745,0.15241149
5875.188,16058.673,3.026555,5904.264,143.42259,17264.955,1482.1152,3.1745825,0.116768405
8743.399,18676.662,2.126593,8745.427,190.67888,17614.068,1348.4434,2.2822716,0.10856562
8205.669,14867.123,2.2975385,8206.312,115.31751,14611.388,1266.0594,2.3685179,0.107895985
7317.892,31947.688,3.1015549,7222.556,88.84122,32431.762,1778.4423,3.260353,0.12375341
7180.3037,84556.086,7.451675,7152.7036,111.29531,87868.46,13946.827,7.63011,0.8991889
7648.6514,10871.752,2.2209594,7641.6,105.67262,11675.315,842.2618,2.182882,0.0799252
9566.544,46404.797,4.6063967,9522.206,341.4868,43485.15,5058.0776,4.506793,0.41674358
9438.669,15236.624,2.0471156,9429.115,296.63153,14794.464,1124.2731,2.1098428,0.11789743
8398.282,47903.742,3.7456307,8392.529,134.69727,42379.703,3733.2334,3.7687745,0.20330931
9000.727,13210.309,2.2466514,8969.76,235.88815,14043.205,1203.2583,2.1878066,0.11323322
6353.366,98107.49,8.583206,6212.16,103.900925,63185.15,17960.342,6.282045,1.2723098
8157.39,65411.87,6.155891,8219.828,158.766,56277.695,8954.247,5.9654818,0.7097512
6757.1123,16841.5,2.9533803,6711.4004,89.20035,18962.453,1234.397,3.0261478,0.081748284
8330.021,21129.838,2.1304092,8270.689,172.70854,20681.672,2327.2722,2.3157403,0.14361006
8062.3237,14477.908,2.5867302,8111.765,114.55701,17744.148,1411.5098,2.7151706,0.09677599
7457.0635,75082.305,7.3232594,7338.8945,152.75429,79027.9,14165.384,8.149447,1.3050375
8587.365,8950.265,1.8668388,8578.946,185.4677,9724.176,1009.26465,1.8636812,0.122991756
6745.1865,29058.916,3.0671916,6725.925,109.48479,26900.002,2441.5552,3.0392838,0.11731738
7272.3257,15413.327,2.5530515,7364.9863,83.35091,16381.238,1003.0606,2.610361,0.071470104
8153.7417,14704.623,2.4962907,8162.588,120.512764,16389.36,1359.5922,2.53578,0.09289813
4725.444,45938.547,4.56728,4765.9077,243.81544,56372.19,7068.478,5.5660253,0.43391702
8340.846,9719.024,1.9585351,8369.47,148.36688,10554.383,821.5689,2.027291,0.090983175
7965.6855,25711.906,2.9333396,7953.308,94.06403,25932.518,1716.7255,2.9781897,0.10718291
7415.5117,72406.96,7.011962,7349.375,126.40455,69115.06,8337.133,6.8923783,0.6249016
8443.342,11468.705,2.00654,8450.783,155.33574,11484.179,982.7334,2.0433517,0.10239153
8787.931,112424.695,11.700343,8950.557,289.68384,116913.73,21154.953,10.955148,1.7371396
5586.7246,46771.91,4.9973187,5568.905,187.3671,49484.02,7046.5547,5.5353456,0.54066825
5691.573,48919.844,4.9964027,5807.667,159.78714,43887.22,8806.842,4.6772428,0.59925616
8038.016,11856.944,2.2337892,8164.35,140.99812,11430.25,1035.4828,2.1041098,0.11504581
6705.517,13915.188,2.2377563,6805.241,121.66546,13220.035,1235.0725,2.26276,0.1155656
8684.388,51444.09,5.8540077,8659.957,205.55469,53193.203,5817.904,5.71582,0.5076592
7708.413,8758.293,1.975236,7648.5117,107.8202,10731.285,1058.2263,2.0312123,0.102649875
5676.17,53938.184,5.415786,5691.2393,171.42668,55093.7,6401.2515,4.9070296,0.31183589
6570.2563,18394.701,2.850681,6520.717,93.25355,17542.18,1370.9954,2.8536646,0.09305048
9606.284,17506.46,2.3962567,9549.271,307.19577,18305.285,1391.5796,2.468312,0.12237852
4946.5776,54005.688,5.7180605,4992.6865,219.76978,61801.89,9533.182,6.419986,0.74224955
7453.929,16173.262,2.0815756,7476.692,148.19154,13651.676,1542.491,2.073818,0.12454247
8324.843,17786.955,2.5966651,8354.781,135.69994,17979.592,1243.9955,2.5737264,0.0859671
10301.848,25013.723,2.7274425,10195.893,410.09952,26143.303,3062.7224,2.8492637,0.25244498
5910.646,171539.69,15.511761,5952.9814,142.77473,106364.57,19007.494,11.824429,1.9464331
8628.761,60922.49,5.3078923,8500.8955,182.89973,58250.28,7476.104,5.1501493,0.4204814
6495.614,44121.52,3.5701094,6504.6655,105.25896,37398.016,3341.2878,3.6334236,0.17405793
6826.802,23941.271,3.322494,6786.395,83.31783,22186.5,1443.6356,3.363337,0.09511384
5094.7607,148491.92,13.500516,5088.9233,241.51595,159702.66,32495.77,14.655317,2.3340008
7177.7383,19022.553,2.9028046,7190.134,78.54828,18960.268,1330.2714,2.8428068,0.08288088
7545.2925,66227.76,7.267667,7591.8223,121.0136,65464.89,9268.331,7.4864674,1.0297501
8278.6875,98560.914,7.815607,8238.832,190.24538,95861.65,18218.611,7.4149823,0.9178144
6615.9717,28137.734,3.850364,6549.8477,104.79757,27963.59,2360.3416,3.946262,0.17291872
8625.854,9715.842,1.8846762,8583.658,208.8863,10600.955,874.9036,1.9730768,0.1069156
7691.0747,23507.15,2.701825,7719.732,105.53807,21864.05,1337.1078,2.6822925,0.09692271
6549.6143,24290.438,3.4394233,6448.997,103.28628,27843.365,1374.7178,3.387748,0.08805899
7184.551,19172.914,2.725672,7186.87,91.27276,18064.998,1554.7479,2.7044687,0.109236
9451.062,8704.623,1.7840587,9357.939,272.9809,9206.213,1083.4534,1.7635225,0.11716041
5742.9873,18082.938,3.3367434,5734.5737,156.76163,18333.387,1546.4279,3.3138435,0.124479055
9261.81,14183.762,2.1991043,9196.379,223.0412,15387.357,1209.9143,2.2306182,0.11441861
7661.7583,100314.75,7.654512,7633.768,140.32706,104031.33,19864.63,7.816154,0.942484
6719.991,140256.3,11.955587,6782.149,156.99306,134030.86,27008.691,11.242559,1.7223921
8067.164,30996.127,3.2235608,8113.0024,126.92027,30065.035,1725.5532,3.259771,0.11872804
7273.586,19734.56,2.7415164,7230.542,83.83596,19024.443,1391.0778,2.8335166,0.09288125
8507.559,9013.887,1.947014,8501.753,161.9974,10584.781,994.60144,2.0193784,0.08953626
6707.0625,15616.051,2.3637812,6717.95,106.735695,14234.32,1105.9026,2.3901727,0.100645564
7177.7803,23050.408,3.502719,7183.498,103.06214,24985.262,1794.0508,3.7254992,0.14545752
7941.438,14269.392,2.4721856,7965.8726,115.81021,12969.072,1774.2067,2.350464,0.16002591
5874.983,11617.116,2.6399045,6003.584,150.86441,14395.798,1132.4106,2.7490673,0.11168061
7599.8223,16007.981,2.3594675,7575.503,79.16436,15528.098,1065.8748,2.3298914,0.08231566
4893.156,92372.78,6.2198844,4911.281,249.98096,61002.594,13167.815,5.973326,0.73329526
6229.4536,18162.748,2.9156923,6289.1523,125.6904,15848.202,1155.2435,2.8278801,0.086376145
6162.0176,11828.581,2.1536026,6178.0464,140.332,13189.361,1086.9835,2.354948,0.12258477
5419.8623,19982.902,3.0762641,5387.882,175.1054,18401.898,1539.5726,3.255638,0.14639153
7341.0947,21245.633,2.9806874,7415.4707,79.75006,21288.72,1413.5906,2.9664042,0.098854125
7659.6885,11609.756,2.0735755,7634.0215,111.7104,13644.354,1278.9456,2.1696122,0.09459609
5006.621,181415.86,17.53622,4978.8486,198.39882,88853.2,17132.545,10.787515,2.0309126
5454.6567,39247.074,4.978489,5502.1646,177.3527,44882.21,5427.9673,4.98962,0.3069355
6253.8022,15972.771,2.5031147,6400.8823,148.04686,16816.133,1532.7,2.6351104,0.108450316
8731.785,19432.264,2.5963292,8676.579,185.05814,18335.172,1299.1174,2.522072,0.09593313
6550.664,21128.945,3.2827587,6592.0977,110.08801,21981.0,1565.3103,3.0516808,0.13875805
10725.697,10025.606,1.6151282,10722.253,521.94275,10257.033,1142.9928,1.5932562,0.123935476
10128.741,11474.754,1.744972,10148.608,348.83322,11169.741,1151.7885,1.7622219,0.13715643
6141.3555,15053.908,2.9088533,6198.6377,108.97931,18298.264,1448.2672,3.1628373,0.10518284
9066.74,18131.656,2.401296,9014.784,218.57295,18761.094,1610.5055,2.508203,0.17089464
6056.385,22709.793,3.2745645,6062.906,133.73708,23719.484,1627.5554,3.278939,0.10523987
7683.9136,15173.395,2.5783954,7731.408,107.90813,16560.395,1225.1112,2.7395964,0.087976314
9109.108,14065.084,2.2162476,9123.767,214.11812,15338.878,1220.9772,2.236029,0.10830285
7632.0938,22745.307,2.749956,7545.658,93.327835,26321.137,2095.7317,2.983304,0.14358811
6456.67,23844.773,3.2898252,6547.773,113.03203,26302.61,2379.3594,3.4201124,0.1517373
6971.441,44662.617,5.171422,6954.6924,105.91002,43792.703,4234.4346,5.3068304,0.3807436
7849.172,9148.244,2.079892,7896.3184,90.212296,10977.956,892.11456,2.1233149,0.08903005
7605.148,15961.461,2.6114457,7582.7305,83.95763,16210.713,1420.2383,2.5826979,0.085147135
6908.601,46549.0,2.9135206,6968.5073,119.211395,31472.445,7092.305,3.003915,0.3143248
8299.907,9586.719,1.8923019,8337.18,149.22777,10228.617,827.4984,1.9476831,0.0914292
6401.7886,18095.828,3.1478043,6419.6777,94.19327,19796.93,1822.684,3.0904183,0.12268404
8588.481,12528.168,1.9520521,8582.377,160.16501,12850.793,1182.6797,2.0741754,0.10286733
7260.333,51572.99,4.505848,7196.4204,92.89769,53639.0,5079.4707,4.7608953,0.29401594
6384.245,32691.732,4.019805,6421.105,109.83746,35681.594,2642.2437,4.007895,0.1856611
8074.3843,18604.078,2.4038613,8100.1504,127.56336,13332.213,1324.5334,2.2453864,0.104060054
8257.705,53365.973,5.444965,8183.3545,172.3246,51716.8,4565.667,5.478891,0.39010015
5853.983,359813.75,35.305023,5790.572,212.88092,360837.97,96873.09,28.335743,6.319591
5234.4824,55757.953,5.644875,5270.7954,202.72551,51643.3,7885.15,6.197568,0.7889026
5681.0425,50197.39,5.2982674,5757.541,163.2904,49869.125,3164.285,5.323953,0.25139678
8567.473,10311.976,1.7777604,8512.383,195.42049,11000.188,1014.8094,1.8010356,0.13342863
6117.3545,30708.05,3.758583,6133.7227,144.21431,32923.496,2850.7864,3.846179,0.17927504
7811.471,14331.2705,2.3677597,7924.3975,115.39151,13607.579,1131.589,2.207627,0.101093195
8112.7524,20716.822,2.9709592,8160.3633,101.99746,20809.664,1019.9092,2.9441302,0.08438094
7864.972,15763.513,2.388278,7824.1733,102.11245,15881.11,1096.6011,2.4307656,0.10154446
8616.279,14194.44,2.2806923,8631.17,164.38373,13506.676,914.3034,2.2565193,0.0882626
7455.4546,12937.338,2.167191,7514.319,107.864235,11684.021,935.1403,2.2016993,0.08995376
6040.071,25129.121,2.5458915,6149.857,154.72511,20819.3,3314.5596,2.8650858,0.19737776
9861.267,14802.798,1.8824265,9833.093,362.19345,14478.11,1488.7555,1.9561753,0.13028955
7061.1084,18526.482,2.9747577,7097.6567,89.72172,20278.37,1413.4581,3.071084,0.12896648
8532.123,15707.193,2.3733628,8513.85,140.76576,15291.317,1182.4683,2.3624752,0.08995932
7666.844,81657.56,5.9417863,7565.895,133.09903,83704.28,12081.668,6.477897,0.63927186
8063.6226,18413.385,2.3139079,8097.3643,113.11628,19024.297,1110.2626,2.4715695,0.08406704
8540.91,67348.56,4.713339,8443.369,182.75812,54679.805,7115.9795,4.6021023,0.35131884
6147.75,86048.375,8.231729,6130.8145,135.57695,83813.21,12324.466,8.68335,1.1903049
6256.9097,28092.988,3.0937846,6220.3906,121.394356,24478.365,3624.1868,2.9478974,0.1723503
8798.178,12745.207,1.8392127,8745.187,200.64558,13053.75,1249.5265,1.983197,0.12400569
7006.57,45308.973,4.421959,6882.531,107.246056,44849.836,4432.949,4.375085,0.25224674
8021.877,17177.799,2.2316096,8063.3296,114.14318,17358.234,1153.0994,2.31919,0.08961997
8282.664,13643.4,2.1990976,8319.135,137.46109,13764.615,1043.3104,2.2072136,0.09508102
5874.6304,80548.805,9.3323965,5852.7993,183.43492,92356.2,13467.663,9.869562,1.2713388
7685.6616,19891.006,2.4329085,7687.723,103.61234,19910.037,3701.0737,2.5238132,0.19938827
6679.1826,96904.11,8.012793,6579.192,137.94351,95239.04,25676.047,6.40433,1.0467148
7344.857,20203.064,2.9281077,7386.832,85.30255,20229.219,1750.2955,2.8671083,0.13133094
7997.3745,10144.768,1.9069445,7959.8013,168.8139,9810.905,861.3186,1.7752435,0.11517702
9326.906,9492.199,1.9240555,9252.952,246.07927,9777.305,949.1163,1.8688414,0.09379495
5050.5894,383561.22,18.604637,5028.4756,227.5675,157627.81,35491.902,11.733417,1.8197738
7717.8804,24845.543,2.88126,7635.4927,73.68951,25396.61,1414.3353,3.0255668,0.082861274
6593.7397,58769.547,6.412353,6586.969,107.51825,57520.094,4320.6665,6.3673635,0.4174585
5067.8877,145885.05,12.909877,5025.927,234.48119,227790.0,51425.54,18.454784,3.2624686
8799.148,10491.68,2.0268986,8768.847,197.54445,10635.501,1032.3125,1.9752002,0.12305746
8320.78,15329.355,2.7803862,8299.663,134.43532,16655.336,1122.3899,2.521641,0.09073263
6076.23,99051.48,11.9599695,5882.5024,184.89784,114178.39,19163.922,13.734807,1.917068
5877.494,61188.38,6.3512917,5868.49,139.63303,44636.05,6704.3823,5.4861913,0.6233644
6619.722,12464.924,2.363193,6680.0845,98.03799,12730.38,1075.734,2.414852,0.09234105
5866.1426,51384.555,4.64659,5924.4604,155.56122,53364.453,4690.3887,4.911163,0.31398502
4939.973,39712.254,4.690192,4932.95,250.52013,42204.8,3781.4614,4.8212547,0.29884586
5163.8286,21954.328,4.126833,5117.13,173.13194,24450.574,2576.0952,4.190611,0.24163501
9627.713,27791.953,3.379382,9594.958,336.0608,28800.912,2126.9211,3.2599478,0.21880499
7309.3003,30513.59,3.2994502,7334.1733,91.12882,30038.137,1750.5259,3.436048,0.12149563
6027.707,29671.635,4.550934,6034.4434,130.9983,31352.74,2006.7129,4.2105746,0.20716603
9419.186,23315.96,2.5645165,9371.648,308.01575,24109.105,2446.0442,2.7466314,0.13934144
8389.137,8146.898,1.699349,8384.615,154.36392,9715.369,993.3313,1.8493967,0.123860925
6832.858,17093.143,2.7686577,6777.819,83.460915,15746.317,1140.0713,2.7799044,0.07369725
8501.21,40369.188,3.9629116,8471.358,140.91351,39546.58,3358.2715,4.003651,0.21062824
7883.03,9284.791,1.8753772,7922.68,135.52873,9858.001,1090.0454,1.8555125,0.12761657
9301.906,28165.043,2.711707,9267.35,249.57312,26612.836,1947.5193,2.8039942,0.14768207
7756.4136,13887.068,2.5963638,7836.25,102.50723,13739.914,1208.3845,2.5256944,0.09727955
7064.3325,80001.23,7.865302,7102.045,149.01385,81089.38,10612.582,8.154813,0.8792812
8634.941,30965.188,3.3972979,8509.997,187.7695,31397.822,2086.8445,3.4436862,0.1527799
6697.553,19069.842,2.6131213,6657.1006,114.813736,17408.242,2189.954,2.553083,0.118094176
7557.2085,68996.36,6.440915,7381.6426,133.1856,76703.27,15722.034,7.7475934,1.3618287
8645.273,19616.518,2.5427961,8618.19,153.62207,18956.648,1429.6348,2.527316,0.105658226
7095.226,12200.122,2.4318109,7093.806,117.970276,13046.629,1020.45526,2.3437154,0.10240478
6772.559,25058.785,3.4952273,6736.214,75.55052,25890.857,1462.0538,3.267404,0.10736791
6629.9414,23341.984,3.0297744,6594.9604,94.92756,22113.38,1582.4078,3.217985,0.10830629
8169.1904,11052.772,1.808559,8181.2217,158.98593,9823.2,838.87427,1.8535507,0.11184934
7338.9707,82668.95,6.63854,7418.9023,117.11074,80499.42,13014.527,6.350268,0.66592133
8291.399,11181.056,2.0991237,8313.31,136.71204,10202.519,892.8805,1.9744002,0.094297215
7783.982,14403.478,2.0521417,7825.65,112.70513,12529.223,997.65216,2.0719488,0.10355297
6537.003,32439.045,3.8133752,6500.1406,88.43113,31126.234,1945.036,3.759719,0.13722529
9416.853,8463.539,1.6314694,9313.267,281.2311,8765.486,967.20807,1.6577328,0.10861673
9933.975,19710.752,2.3420725,9837.834,327.91986,18200.332,1666.1448,2.2310982,0.13021156
7177.2734,107731.52,9.00538,7264.8193,169.36125,106376.55,20153.574,8.939327,1.2653618
7223.8823,59189.668,5.6917195,7201.3755,136.32051,58149.37,5067.4155,5.679363,0.3710742
6803.468,19604.23,2.6772683,6843.709,116.1472,18585.36,1344.3241,2.6530018,0.10269876
7462.015,14572.383,2.315376,7421.145,91.45881,13813.322,1321.1016,2.3312776,0.099370725
7400.0,30314.068,3.1809986,7413.256,97.707115,31070.77,1738.4108,3.4113657,0.11942025
5422.1265,86420.8,9.163675,5418.037,184.88031,71927.12,10447.785,8.50019,1.0092944
8737.516,11874.614,1.820596,8749.324,159.74911,11982.751,1233.5286,1.929667,0.10952787
8063.755,8815.5,1.8965522,8048.622,136.38293,9792.476,905.00653,1.8686827,0.102836676
7126.811,45493.77,4.1421814,7174.083,85.83955,34298.13,6894.6562,3.9670413,0.42295378
6855.553,14293.1875,2.8327727,6813.1694,88.141235,14052.249,1172.606,2.7157788,0.08301767
5879.9688,34932.13,3.2156272,5894.696,155.70676,31563.168,5213.006,3.297798,0.21386845
8018.2773,141460.66,10.828196,8024.2793,165.39229,158235.05,34450.58,10.799919,1.8924532
6441.6675,61946.97,5.5502424,6505.8823,130.576,62400.02,7880.7812,5.6802526,0.44249856
6854.5913,15365.266,2.5456765,6869.3096,98.40333,15992.659,1241.4391,2.5955381,0.09430764
8375.415,14226.671,2.2241833,8378.851,148.76262,14733.769,1113.5812,2.284648,0.11814344
7975.37,17637.1,2.6441026,8059.9404,96.85369,18511.32,940.0348,2.6893494,0.07994133
6498.472,20295.31,3.1616304,6561.7515,94.34771,20800.057,1421.1935,3.2183046,0.11483096
8449.033,9656.223,2.0115266,8450.827,160.53331,10874.722,1029.3948,2.0483162,0.12667096
9469.884,8642.448,1.7313969,9349.231,296.3999,9616.811,1382.5448,1.7657614,0.16068743
6735.2393,29951.793,3.4336655,6664.017,101.991005,30695.352,1972.9143,3.5143442,0.11639952
7114.8325,42172.74,4.698214,7027.592,88.23012,41687.234,3064.1143,4.686907,0.27974328
7350.37,16354.733,2.980363,7358.4487,114.53514,16816.338,1295.7842,2.786182,0.119484
8277.316,28698.701,3.2563164,8266.394,136.33499,27670.463,1936.9827,3.2641864,0.13665509
8514.344,13099.871,2.1365612,8553.161,155.98372,12009.23,1016.5009,2.1101325,0.09963885
9556.334,14765.445,2.1523416,9440.409,269.52954,15382.361,1328.2119,2.1306763,0.12951331
6746.284,29969.852,2.655704,6756.0376,118.75725,25674.387,4744.8687,2.764475,0.22665945
5425.6426,36229.734,4.6052995,5374.7607,195.85596,42168.25,4472.266,4.6088905,0.253931
9220.341,16965.285,2.403404,9212.931,236.15051,16768.78,1367.8949,2.4975755,0.11486796
8500.182,13124.508,2.5900195,8405.92,168.35219,18202.156,1489.1111,2.7885249,0.13969326
5676.5815,16372.064,2.603261,5781.4736,153.86862,16773.457,1354.7441,2.706541,0.13915215
7962.614,12510.153,1.954116,8106.9126,117.55206,12684.666,1103.106,2.054574,0.105935864
6830.945,57712.953,5.0901427,6865.6025,100.06914,56106.734,5371.6816,5.0998116,0.2915529
7525.7266,10768.965,2.462048,7453.585,100.59936,13079.435,1014.2559,2.4214623,0.08196628
8571.775,9380.5,1.8267261,8547.805,169.4099,9654.308,871.4585,1.8349481,0.107513964
